[
  {
    "Type": "NewEffects",
    "X": 584.0,
    "Y": 430.0,
    "Scale": 1.0,
    "HorizontalFacing": "Left",
    "VerticalFacing": "Up",
    "Blur": 0.0
  },
  {
    "Type": "Scoreboard",
    "X": 5.0,
    "Y": 11.0,
    "Scale": 1.0,
    "HorizontalFacing": "Right",
    "VerticalFacing": "Middle",
    "Text-R": 255,
    "Text-G": 255,
    "Text-B": 255,
    "Background-R": 0,
    "Background-G": 0,
    "Background-B": 0,
    "Background-Alpha": 9,
    "Rect": false,
    "Rect-Color": "Custom",
    "Rect-R": 0,
    "Rect-G": 111,
    "Rect-B": 255,
    "Rect-Alpha": 9,
    "Shadow": false,
    "ServerIp": "Website",
    "NoPoints": false,
    "Font": {
      "fontName": "Minecraft Font",
      "fontSize": -1
    },
    "Blur": 0.0
  },
  {
    "Type": "NewTargets",
    "X": 134.0,
    "Y": -5.0,
    "Scale": 1.0,
    "HorizontalFacing": "Middle",
    "VerticalFacing": "Middle",
    "Mode": "Novoline",
    "SwitchMode": "Zoom",
    "AnimSpeed": 16,
    "SwitchAnimSpeed": 28,
    "Font": {
      "fontName": "comfortaa35",
      "fontSize": 35
    },
    "Blur": 0.0
  },
  {
    "Type": "Armor",
    "X": -99.0,
    "Y": 4.0,
    "Scale": 0.84999996,
    "HorizontalFacing": "Middle",
    "VerticalFacing": "Down",
    "Text-Color": "Custom",
    "Brightness": 1.0,
    "Text-R": 255,
    "Text-G": 255,
    "Text-B": 83,
    "NewRainbowOffset": 5,
    "Saturation": 0.3627451,
    "AllSpeed": 0,
    "Blur": 0.0
  },
  {
    "Type": "Arraylist",
    "X": 94.15240478515625,
    "Y": 0.2272663116455078,
    "Scale": 1.1499999,
    "HorizontalFacing": "Right",
    "VerticalFacing": "Up",
    "BRainbowSpeed": 90,
    "BRainbow-Saturation": 1.0,
    "BRainbow-Brightness": 1.0,
    "BRainbow-R": 0,
    "BRainbow-B": 50,
    "BRainbow-G": 50,
    "Rainbow-X": -1000.0,
    "Rainbow-Y": -1000.0,
    "Text-Color": "OriginalRainbow",
    "Text-R": 141,
    "Text-G": 255,
    "Text-B": 255,
    "TwoRainbow": 1.0,
    "Rect-Color": "OriginalRainbow",
    "Rect-R": 255,
    "Rect-G": 255,
    "Rect-B": 255,
    "Rect-Alpha": 255,
    "Random-Saturation": 0.9,
    "Random-Brightness": 1.0,
    "Tags": true,
    "ShadowText": true,
    "Background-Color": "Rainbow",
    "Background-R": 0,
    "Background-G": 0,
    "Background-B": 0,
    "Background-Alpha": 0,
    "BackGroundWidth": 2,
    "Rect": "Outline",
    "UpperCase": false,
    "Space": 0.0,
    "TextHeight": 11.0,
    "TextY": 1.0,
    "TagsArrayColor": true,
    "NameBreak": false,
    "Font": {
      "fontName": "Wqy_Microhei",
      "fontSize": 35
    },
    "Blur": 0.0
  },
  {
    "Type": "Notifications",
    "X": 0.0,
    "Y": 39.0,
    "Scale": 1.0,
    "HorizontalFacing": "Right",
    "VerticalFacing": "Down",
    "Blur": 0.0
  }
]
