[
  {
    "Type": "Scoreboard",
    "X": 5.0,
    "Y": 0.0,
    "Scale": 1.0,
    "HorizontalFacing": "Right",
    "VerticalFacing": "Middle",
    "Background-R": 0,
    "Background-G": 0,
    "Background-B": 0,
    "Background-Alpha": 95,
    "Rect": false,
    "Blur": false,
    "Blur-Strength": 0.0,
    "Color": "Custom",
    "Red": 0,
    "Green": 111,
    "Blue": 255,
    "Alpha": 255,
    "Saturation": 0.9,
    "Brightness": 1.0,
    "Seconds": 2,
    "Delay": 50,
    "Shadow": false,
    "ChangeDomain": false,
    "ShowRedNumbers": false,
    "Font": {
      "fontName": "Minecraft Font",
      "fontSize": -1
    }
  },
  {
    "Type": "Armor",
    "X": -8.0,
    "Y": 57.0,
    "Scale": 1.0,
    "HorizontalFacing": "Middle",
    "VerticalFacing": "Down",
    "Alignment": "Horizontal"
  },
  {
    "Type": "Effects",
    "X": 822.0,
    "Y": 238.0,
    "Scale": 1.0,
    "HorizontalFacing": "Right",
    "VerticalFacing": "Down",
    "Font": {
      "fontName": "SFUI Regular",
      "fontSize": 40
    },
    "Shadow": false
  },
  {
    "Type": "Notifications",
    "X": -1.0,
    "Y": -10.0,
    "Scale": 1.0,
    "HorizontalFacing": "Right",
    "VerticalFacing": "Down",
    "Smooth-YTransition": true,
    "Blur": true,
    "Blur-Strength": 0.7317073,
    "Style": "New",
    "UseNewAnim": true,
    "Anim-Speed": 0.5,
    "Background-Red": 0,
    "Background-Alpha": 190
  },
  {
    "Type": "Arraylist",
    "X": -1.0,
    "Y": -1.0,
    "Scale": 1.0,
    "HorizontalFacing": "Right",
    "VerticalFacing": "Up",
    "Color": "Sky",
    "Blur": false,
    "Blur-Strength": 0.0,
    "Red": 0,
    "Green": 111,
    "Blue": 255,
    "Alpha": 255,
    "Saturation": 0.9,
    "Brightness": 1.0,
    "Sky-Distance": 2,
    "CRainbow-Seconds": 2,
    "CRainbow-Distance": 2,
    "Mixer-Seconds": 2,
    "Mixer-Distance": 2,
    "LiquidSlowly-Distance": 90,
    "Fade-Distance": 80,
    "HorizontalAnimation": "Default",
    "VerticalAnimation": "None",
    "Animation-Speed": 0.25,
    "NameBreak": true,
    "Alphabetical-Order": false,
    "Tags": true,
    "TagsStyle": "-",
    "ShadowText": true,
    "Background-R": 0,
    "Background-G": 0,
    "Background-B": 0,
    "Background-Alpha": 0,
    "Rect-Right": "Left",
    "Rect-Left": "Left",
    "LowerCase": false,
    "Space": 0.0,
    "TextHeight": 11.0,
    "TextY": 1.0,
    "TagsArrayColor": true,
    "Font": {
      "fontName": "Roboto Medium",
      "fontSize": 40
    }
  }
]
