[
  {
    "Type": "Scoreboard",
    "X": 5.0,
    "Y": 0.0,
    "Scale": 1.0,
    "HorizontalFacing": "Right",
    "VerticalFacing": "Middle",
    "Text-R": 255,
    "Text-G": 255,
    "Text-B": 255,
    "Background-R": 0,
    "Background-G": 0,
    "Background-B": 0,
    "Background-Alpha": 95,
    "Rect": false,
    "Rect-Color": "Custom",
    "Rect-R": 0,
    "Rect-G": 111,
    "Rect-B": 255,
    "Rect-Alpha": 255,
    "Shadow": false,
    "Font": {
      "fontName": "Minecraft Font",
      "fontSize": -1
    }
  },
  {
    "Type": "Armor",
    "X": 481.0,
    "Y": 343.0,
    "Scale": 1.0,
    "HorizontalFacing": "Middle",
    "VerticalFacing": "Down",
    "Alignment": "Vertical"
  },
  {
    "Type": "Target",
    "X": 560.0,
    "Y": 206.0,
    "Scale": 1.0,
    "HorizontalFacing": "Left",
    "VerticalFacing": "Up",
    "FadeSpeed": 2.0
  },
  {
    "Type": "Arraylist",
    "X": -1.0,
    "Y": -1.0,
    "Scale": 1.0,
    "HorizontalFacing": "Right",
    "VerticalFacing": "Up",
    "BRainbowSpeed": 90,
    "BRainbow-Saturation": 1.0,
    "BRainbow-Brightness": 1.0,
    "BRainbow-R": 0,
    "BRainbow-B": 50,
    "BRainbow-G": 50,
    "Rainbow-X": -1000.0,
    "Rainbow-Y": -1000.0,
    "Text-Color": "OriginalRainbow",
    "Text-R": 0,
    "Text-G": 111,
    "Text-B": 255,
    "TwoRainbow": 1.0,
    "Rect-Color": "OriginalRainbow",
    "Rect-R": 255,
    "Rect-G": 255,
    "Rect-B": 255,
    "Rect-Alpha": 255,
    "Random-Saturation": 0.9,
    "Random-Brightness": 1.0,
    "Tags": true,
    "ShadowText": true,
    "Background-Color": "Custom",
    "Background-R": 0,
    "Background-G": 0,
    "Background-B": 0,
    "Background-Alpha": 0,
    "BackGroundWidth": 2,
    "Rect": "Left",
    "UpperCase": false,
    "Space": 0.0,
    "TextHeight": 11.0,
    "TextY": 1.0,
    "TagsArrayColor": false,
    "NameBreak": false,
    "Font": {
      "fontName": "Roboto Medium",
      "fontSize": 40
    }
  },
  {
    "Type": "Text",
    "X": 2.0,
    "Y": 65.0,
    "Scale": 2.3499987,
    "HorizontalFacing": "Left",
    "VerticalFacing": "Up",
    "DisplayText": "Yuxian Config",
    "Red": 255,
    "Green": 121,
    "Blue": 255,
    "Rainbow": false,
    "Rainbow-X": -1000.0,
    "Rainbow-Y": -1000.0,
    "Shadow": false,
    "Outline": false,
    "Rect": false,
    "OneTapRect": false,
    "SkeetRect": false,
    "OnlyWhtie": false,
    "Font": {
      "fontName": "Roboto Medium",
      "fontSize": 40
    }
  }
]
