{
  "Combat": {
    "open": false,
    "visible": true,
    "posX": 202,
    "posY": 0,
    "Aimbot": {
      "Settings": false
    },
    "AntiFireBall": {
      "Settings": false
    },
    "AutoBow": {
      "Settings": false
    },
    "AutoClicker": {
      "Settings": false
    },
    "AutoPot": {
      "Settings": false
    },
    "AutoSoup": {
      "Settings": false
    },
    "AutoWeapon": {
      "Settings": false
    },
    "BowAimbot": {
      "Settings": false
    },
    "Criticals": {
      "Settings": false
    },
    "FastBow": {
      "Settings": false
    },
    "HitBox": {
      "Settings": false
    },
    "KillAura": {
      "Settings": true
    },
    "NoFriends": {
      "Settings": false
    },
    "SuperKnockback": {
      "Settings": false
    },
    "TNTBlock": {
      "Settings": false
    },
    "TeleportAura": {
      "Settings": false
    },
    "Velocity": {
      "Settings": true
    }
  },
  "Player": {
    "open": true,
    "visible": true,
    "posX": 674,
    "posY": 18,
    "AntiCactus": {
      "Settings": false
    },
    "AntiVoid": {
      "Settings": false
    },
    "AutoRespawn": {
      "Settings": false
    },
    "AutoTool": {
      "Settings": false
    },
    "Blink": {
      "Settings": false
    },
    "Eagle": {
      "Settings": false
    },
    "FastUse": {
      "Settings": true
    },
    "Gapple": {
      "Settings": false
    },
    "Heal": {
      "Settings": false
    },
    "InvManager": {
      "Settings": false
    },
    "NoFall": {
      "Settings": false
    },
    "PotionSaver": {
      "Settings": true
    },
    "Reach": {
      "Settings": false
    },
    "Regen": {
      "Settings": false
    }
  },
  "Movement": {
    "open": true,
    "visible": true,
    "posX": 481,
    "posY": 176,
    "AirBounce": {
      "Settings": true
    },
    "AirJump": {
      "Settings": false
    },
    "BowJump": {
      "Settings": false
    },
    "FastClimb": {
      "Settings": false
    },
    "FastStairs": {
      "Settings": false
    },
    "Fly": {
      "Settings": false
    },
    "Freeze": {
      "Settings": false
    },
    "GuiMove": {
      "Settings": false
    },
    "HighJump": {
      "Settings": false
    },
    "KeepSprint": {
      "Settings": false
    },
    "LiquidWalk": {
      "Settings": false
    },
    "LongJump": {
      "Settings": false
    },
    "NoJumpDelay": {
      "Settings": false
    },
    "NoSlow": {
      "Settings": false
    },
    "NoWeb": {
      "Settings": false
    },
    "Parkour": {
      "Settings": false
    },
    "ReverseStep": {
      "Settings": false
    },
    "SafeWalk": {
      "Settings": false
    },
    "SlimeJump": {
      "Settings": false
    },
    "Sneak": {
      "Settings": false
    },
    "Speed": {
      "Settings": false
    },
    "Sprint": {
      "Settings": false
    },
    "Step": {
      "Settings": false
    },
    "Strafe": {
      "Settings": false
    },
    "TargetStrafe": {
      "Settings": false
    },
    "WallClimb": {
      "Settings": false
    },
    "WaterSpeed": {
      "Settings": false
    }
  },
  "World": {
    "open": true,
    "visible": true,
    "posX": 733,
    "posY": 0,
    "Ambience": {
      "Settings": false
    },
    "ChestAura": {
      "Settings": false
    },
    "ChestStealer": {
      "Settings": false
    },
    "FastBreak": {
      "Settings": false
    },
    "FastPlace": {
      "Settings": false
    },
    "Fucker": {
      "Settings": false
    },
    "Lightning": {
      "Settings": false
    },
    "NoSlowBreak": {
      "Settings": false
    },
    "Scaffold": {
      "Settings": true
    },
    "Timer": {
      "Settings": false
    }
  },
  "Misc": {
    "open": true,
    "visible": true,
    "posX": 511,
    "posY": 247,
    "AntiBan": {
      "Settings": false
    },
    "AntiBot": {
      "Settings": false
    },
    "AntiDesync": {
      "Settings": false
    },
    "AntiVanish": {
      "Settings": false
    },
    "AuthBypass": {
      "Settings": false
    },
    "AutoDisable": {
      "Settings": false
    },
    "AutoHypixel": {
      "Settings": false
    },
    "AutoKit": {
      "Settings": false
    },
    "AutoLogin": {
      "Settings": false
    },
    "AutoPlay": {
      "Settings": false
    },
    "BanChecker": {
      "Settings": false
    },
    "MCF": {
      "Settings": false
    },
    "NameProtect": {
      "Settings": false
    },
    "NoInvClose": {
      "Settings": false
    },
    "NoRotateSet": {
      "Settings": false
    },
    "NoooooSlow": {
      "Settings": false
    },
    "PackSpoofer": {
      "Settings": false
    },
    "Patcher": {
      "Settings": false
    },
    "Performance": {
      "Settings": false
    },
    "Spammer": {
      "Settings": false
    },
    "SpinBot": {
      "Settings": false
    },
    "SupercraftHelper": {
      "Settings": false
    },
    "Teams": {
      "Settings": false
    },
    "Title": {
      "Settings": false
    }
  },
  "Exploit": {
    "open": false,
    "visible": true,
    "posX": 33,
    "posY": 30,
    "AbortBreaking": {
      "Settings": false
    },
    "AntiHunger": {
      "Settings": false
    },
    "Clip": {
      "Settings": false
    },
    "ConsoleSpammer": {
      "Settings": false
    },
    "CustomDisabler": {
      "Settings": false
    },
    "Disabler": {
      "Settings": false
    },
    "FakeLag": {
      "Settings": false
    },
    "GhostHand": {
      "Settings": false
    },
    "ItemTeleport": {
      "Settings": false
    },
    "MultiActions": {
      "Settings": false
    },
    "PacketFixer": {
      "Settings": false
    },
    "Phase": {
      "Settings": false
    },
    "PingSpoof": {
      "Settings": false
    },
    "Plugins": {
      "Settings": false
    },
    "PortalMenu": {
      "Settings": false
    },
    "ServerCrasher": {
      "Settings": false
    },
    "Teleport": {
      "Settings": false
    },
    "VehicleOneHit": {
      "Settings": false
    }
  },
  "Color": {
    "open": false,
    "visible": true,
    "posX": 21,
    "posY": 293,
    "ColorMixer": {
      "Settings": false
    }
  },
  "Targets": {
    "open": false,
    "visible": true,
    "posX": 9,
    "posY": 208
  },
  "Render": {
    "open": true,
    "visible": true,
    "posX": 112,
    "posY": 4,
    "Animations": {
      "Settings": false
    },
    "AntiBlind": {
      "Settings": true
    },
    "AsianHat": {
      "Settings": false
    },
    "BlockESP": {
      "Settings": false
    },
    "BlockOverlay": {
      "Settings": false
    },
    "Breadcrumbs": {
      "Settings": false
    },
    "CameraClip": {
      "Settings": true
    },
    "Cape": {
      "Settings": false
    },
    "Chams": {
      "Settings": false
    },
    "ClickGUI": {
      "Settings": false
    },
    "Crosshair": {
      "Settings": false
    },
    "DamageParticle": {
      "Settings": false
    },
    "ESP": {
      "Settings": false
    },
    "ESP2D": {
      "Settings": false
    },
    "EnchantEffect": {
      "Settings": false
    },
    "FreeCam": {
      "Settings": false
    },
    "Fullbright": {
      "Settings": false
    },
    "HUD": {
      "Settings": false
    },
    "ItemESP": {
      "Settings": false
    },
    "ItemPhysics": {
      "Settings": false
    },
    "NameTags": {
      "Settings": false
    },
    "NoAchievements": {
      "Settings": false
    },
    "NoFOV": {
      "Settings": false
    },
    "NoHurtCam": {
      "Settings": false
    },
    "NoRender": {
      "Settings": false
    },
    "PointerESP": {
      "Settings": false
    },
    "Projectiles": {
      "Settings": false
    },
    "Rotations": {
      "Settings": false
    },
    "Skeletal": {
      "Settings": false
    },
    "StorageESP": {
      "Settings": false
    },
    "TNTESP": {
      "Settings": false
    },
    "TargetMark": {
      "Settings": false
    },
    "Tracers": {
      "Settings": false
    },
    "TrueSight": {
      "Settings": false
    },
    "XRay": {
      "Settings": false
    }
  }
}
