[
  {
    "Type": "Notifications",
    "X": 0.0,
    "Y": 30.0,
    "Scale": 1.0,
    "HorizontalFacing": "Right",
    "VerticalFacing": "Down"
  },
  {
    "Type": "Scoreboard",
    "X": 588.0,
    "Y": 13.0,
    "Scale": 1.0,
    "HorizontalFacing": "Left",
    "VerticalFacing": "Middle",
    "Background-R": 0,
    "Background-G": 0,
    "Background-B": 0,
    "Background-Alpha": 95,
    "Rect": false,
    "Blur": false,
    "Blur-Strength": 0.0,
    "Color": "Rainbow",
    "Alpha": 255,
    "Saturation": 0.9,
    "Brightness": 1.0,
    "Seconds": 2,
    "Delay": 50,
    "Shadow": false,
    "ChangeDomain": true,
    "ShowRedNumbers": false,
    "Font": {
      "fontName": "Minecraft Font",
      "fontSize": -1
    }
  },
  {
    "Type": "Arraylist",
    "X": -361.0,
    "Y": -1.0,
    "Scale": 1.0,
    "HorizontalFacing": "Middle",
    "VerticalFacing": "Up",
    "Color": "Sky",
    "Blur": true,
    "Blur-Strength": 30.0,
    "Alpha": 255,
    "Saturation": 0.9,
    "Brightness": 1.0,
    "Sky-Distance": 2,
    "CRainbow-Seconds": 2,
    "CRainbow-Distance": 2,
    "LiquidSlowly-Distance": 90,
    "Fade-Distance": 50,
    "HorizontalAnimation": "None",
    "VerticalAnimation": "Slide",
    "Animation-Speed": 0.25,
    "NameBreak": true,
    "Alphabetical-Order": false,
    "Tags": true,
    "TagsStyle": "Default",
    "ShadowText": true,
    "Background-R": 0,
    "Background-G": 0,
    "Background-B": 0,
    "Background-Alpha": 0,
    "Rect-Right": "Left",
    "Rect-Left": "Left",
    "LowerCase": true,
    "Space": 0.0,
    "TextHeight": 11.0,
    "TextY": 1.0,
    "TagsArrayColor": true,
    "Font": {
      "fontName": "Small",
      "fontSize": 19
    }
  },
  {
    "Type": "Armor",
    "X": -35.058807373046875,
    "Y": 47.588226318359375,
    "Scale": 0.79999995,
    "HorizontalFacing": "Middle",
    "VerticalFacing": "Down",
    "Text-Color": "Custom",
    "Brightness": 0.1097561,
    "Text-R": 46,
    "Text-G": 255,
    "Text-B": 255,
    "NewRainbowOffset": 1,
    "Saturation": 0.9,
    "AllSpeed": 0
  }
]
