{
  "CommandPrefix": ".",
  "targets": {
    "TargetPlayer": true,
    "TargetMobs": true,
    "TargetAnimals": false,
    "TargetInvisible": false,
    "TargetDead": false
  },
  "features": {
    "AntiForge": false,
    "AntiForgeFML": true,
    "AntiForgeProxy": true,
    "AntiForgePayloads": true,
    "BungeeSpoof": false,
    "AutoReconnectDelay": 60000
  },
  "DonatorCape": {
    "TransferCode": "",
    "CapeEnabled": true
  },
  "Background": {
    "Enabled": true,
    "Particles": false
  },
  "Aimbot": {
    "Range": 4.4,
    "TurnSpeed": 2.0,
    "FOV": 180.0,
    "Center": false,
    "Lock": true,
    "OnClick": false,
    "Jitter": false
  },
  "Ambience": {
    "Mode": "Normal",
    "CustomTime": 1000,
    "ChangeWorldTimeSpeed": 150
  },
  "Animations": {
    "Preset": "1.7",
    "InvMode": "Slide",
    "InvTime": 500,
    "TranslateX": 0.0,
    "TranslateY": 0.0,
    "TranslateZ": 0.0,
    "ItemPosX": 0.56,
    "ItemPosY": -0.52,
    "ItemPosZ": -0.71999997,
    "ItemScale": 0.4,
    "SwingAnim": false,
    "SwingSpeed": 5
  },
  "AntiAim": {
    "YawMove": "Spin",
    "PitchMode": "Down",
    "SlientRotate": true
  },
  "AntiBlind": {
    "Confusion": true,
    "Scoreboard": false,
    "Pumpkin": true,
    "Fire": false
  },
  "AntiBot": {
    "Mode": "Normal",
    "Tab": true,
    "TabMode": "Contains",
    "EntityID": true,
    "Color": false,
    "LivingTime": false,
    "LivingTimeTicks": 40,
    "Ground": true,
    "Air": false,
    "InvalidGround": false,
    "Swing": false,
    "Health": false,
    "Derp": true,
    "WasInvisible": false,
    "Armor": false,
    "Ping": false,
    "NeedHit": false,
    "DuplicateInWorld": false,
    "DuplicateInTab": false
  },
  "AntiFireBall": {
    "Swing": "Normal",
    "Rotation": true
  },
  "AntiVoid": {
    "Mode": "Blink",
    "MaxFallDistance": 10.0,
    "ResetMotion": false,
    "BlinkStartFallDistance": 2.0,
    "BlinkAutoScaffold": true,
    "MotionFlag-MotionY": 1.0,
    "OnlyVoid": true
  },
  "Arrows": {
    "Solid": false,
    "Red": 140,
    "Green": 140,
    "Blue": 255,
    "Alpha": 255
  },
  "AtAllProvider": {
    "MaxDelay": 1000,
    "MinDelay": 500,
    "Retry": false
  },
  "AttackEffects": {
    "Mode": "Blood",
    "Amount": 5,
    "Sound": true
  },
  "AutoArmor": {
    "Sort In Inv": false,
    "No Move": false,
    "Delay": 50.0
  },
  "AutoClicker": {
    "MaxCPS": 8,
    "MinCPS": 5,
    "Right": true,
    "Left": true,
    "Jitter": false
  },
  "AutoGG": {
    "Server": "Minemora",
    "JoinDelay": 3
  },
  "AutoHeal": {
    "Mode": "Once",
    "Health": 10.0,
    "Delay": 150,
    "NoAbsorption": true
  },
  "AutoKit": {
    "Kit-Name": "Armorer",
    "Edit-Mode": false,
    "Debug": false
  },
  "AutoL": {
    "Mode": "WithWords",
    "WaterMark": true
  },
  "AutoLogin": {
    "Register": "/register %p %p",
    "Login": "/login %p",
    "Password": "LiZiYang2006",
    "Delay": 1500,
    "Title": true,
    "Chat": true
  },
  "AutoPit": {
    "Health": 5.0,
    "CanHubChat": false,
    "AutoHubChatText": "You IS L",
    "AutoDisable-KillAura-Velocity": true,
    "KeepArmor": true
  },
  "AutoPot": {
    "Health": 13.0,
    "Delay": 500.0,
    "Jump": false,
    "Regen Pot": true,
    "Heal Pot": true,
    "Speed Pot": true,
    "No Frog": true
  },
  "AutoRespawn": {
    "Instant": true
  },
  "AutoSoup": {
    "Health": 15.0,
    "Delay": 150,
    "OpenInv": false,
    "SimulateInventory": true,
    "Bowl": "Drop"
  },
  "AutoWeapon": {
    "SpoofItem": false,
    "SpoofTicks": 10
  },
  "Blink": {
    "Pulse": false,
    "PulseDelay": 1000
  },
  "BlockESP": {
    "Mode": "Box",
    "Block": 55,
    "Radius": 120,
    "R": 201,
    "G": 124,
    "B": 30,
    "Rainbow": false
  },
  "BlockOverlay": {
    "R": 68,
    "G": 117,
    "B": 255,
    "Rainbow": false,
    "Info": false
  },
  "BlockWalk": {
    "Cobweb": true,
    "Snow": true
  },
  "BowAimbot": {
    "Silent": true,
    "Predict": true,
    "ThroughWalls": false,
    "PredictSize": 2.0,
    "Priority": "Direction",
    "Mark": true
  },
  "Breadcrumbs": {
    "Type": "Line",
    "R": 255,
    "G": 255,
    "B": 255,
    "Alpha": 255,
    "Rainbow": false,
    "Fade": true,
    "DrawThePlayer": true,
    "DrawTargets": true,
    "FadeTime": 5,
    "Precision": 1,
    "LineWidth": 1,
    "SphereScale": 1.0
  },
  "Chams": {
    "Targets": true,
    "Chests": true,
    "Items": true,
    "Legacy-Mode": false,
    "Textured": true,
    "Color": "Custom",
    "Behind-Color": "Same",
    "Red": 255,
    "Green": 255,
    "Blue": 255,
    "Alpha": 255,
    "Saturation": 1.0,
    "Brightness": 1.0,
    "Seconds": 2
  },
  "ChestAura": {
    "Range": 5.0,
    "Delay": 100,
    "ThroughWalls": true,
    "VisualSwing": true,
    "Chest": 54,
    "Rotations": true
  },
  "ChestStealer": {
    "Delay": 30,
    "Silent": false,
    "SilenceTitle": false
  },
  "CivBreak": {
    "Range": 5.0,
    "Rotations": true,
    "VisualSwing": true,
    "Air-Reset": true,
    "Range-Reset": true
  },
  "ClickGUI": {
    "Style": "Null",
    "Mode": "Tenacity",
    "Background Accent": true,
    "Scroll Mode": "Value",
    "Setting Accent": "Color",
    "Tab Height": 250,
    "Scale": 1.0,
    "MaxElements": 15,
    "Background": "None",
    "Animation": "ZoomBounce",
    "Color": "Fade",
    "Red": 0,
    "Green": 160,
    "Blue": 255,
    "Saturation": 1.0,
    "Brightness": 1.0,
    "Seconds": 2,
    "ClickGuiColor": "Drak",
    "ClosePrevious": true
  },
  "ColorMixer": {
    "Color1-Red": 255,
    "Color1-Green": 255,
    "Color1-Blue": 255,
    "Color2-Red": 255,
    "Color2-Green": 255,
    "Color2-Blue": 255
  },
  "Criticals": {
    "Mode": "Jump",
    "Delay": 275,
    "JumpHeight": 0.42,
    "DownY": 0.0,
    "HurtTime": 10,
    "OnlyAura": false,
    "DebugMessage": false,
    "StopSpeed": true
  },
  "Damage": {
    "Mode": "NCP",
    "Damage": 1
  },
  "DamageParticle": {
    "AliveTime": 1000,
    "Size": 3
  },
  "Disabler": {
    "Mode": "Dimples",
    "Debug": false,
    "FakeLagBlock": true,
    "FakeLagPosition": true,
    "FakeLagAttack": true,
    "FakeLagC03Spoof": false,
    "LagDelay": 0,
    "LagDuration": 200,
    "Hypixel2BanAlert": false,
    "Hypixel2RotationModifier": false,
    "Hypixel2PingSpoof": true,
    "Hypixel2Delay": 400,
    "Hypixel2InvValidate": false,
    "VerusSlientFlagApply": false,
    "VerusBufferSize": 300,
    "Verus-RepeatTimesFighting": 1,
    "Verus-RepeatTimes": 1,
    "Verus-FlagDelay": 40,
    "Matrix-NoModuleCheck": false,
    "Matrix-MoveFix": true,
    "Matrix-NoMovePacket": true,
    "Flag-Mode": "Edit",
    "Flag-TickDelay": 25,
    "Flag-SilentMode": true
  },
  "ESP": {
    "Player": true,
    "Animals": false,
    "Mobs": false,
    "Minecraft Font": false,
    "Item Held": true,
    "Box": false,
    "Box Mode": "Double Color",
    "Degree": "30",
    "Health Bar": true,
    "Health Bar Mode": "Color",
    "Health Bar Text": true,
    "Tags": true,
    "Red Tags": true,
    "Tag Scale": 0.5,
    "Health Text": true,
    "Background": true
  },
  "EnchantEffect": {
    "Red": 255,
    "Green": 160,
    "Blue": 255,
    "Mode": "Custom"
  },
  "FastClimb": {
    "Mode": "Vanilla",
    "Speed": 0.2872
  },
  "FastPlace": {
    "Speed": 0
  },
  "FastStairs": {
    "Mode": "NCP",
    "LongJump": false
  },
  "FastUse": {
    "Mode": "BlocksMC",
    "NoMove": false,
    "CustomDelay": 0,
    "CustomSpeed": 2,
    "CustomTimer": 1.1
  },
  "Fly": {
    "Mode": "BlocksMC",
    "VanillaSpeed": 2.0,
    "VanillaKickBypass": false,
    "ViewBobbing": 60.0,
    "NCPMotion": 0.0,
    "BlockMCSpeed": 2.0,
    "BlockMCKickBypass": false,
    "BlockMCKeepAlive": false,
    "BlockMCNoClip": false,
    "BlockMCSpoofGround": false,
    "Hypixel-Boost": true,
    "Hypixel-BoostDelay": 1200,
    "Hypixel-BoostTimer": 1.0,
    "HypixelNew-Speed": 0.5,
    "collideSpeed": 15.5,
    "collideBoost": 0.3,
    "collideMaxSpeed": 20.0,
    "collideTimer": 0.8,
    "smoothSpeed": 0.9,
    "smoothChangeSpeed": 0.1,
    "smoothMotion": 0.2,
    "smoothTimer": 0.3,
    "smoothDropoff": 1.0,
    "AAC5.2.0Append": 13,
    "AAC5.2.0FastAppendTimer": 0.4,
    "AAC5.2.0FastMaxTimer": 1.2,
    "smoothDropoffA": true,
    "MotionReset": false,
    "Mark": "Up",
    "FakeDamage": true,
    "speedDisplay": true
  },
  "FreeCam": {
    "Speed": 0.8,
    "Fly": true,
    "NoClip": true
  },
  "Fucker": {
    "Block": 26,
    "ThroughWalls": "None",
    "Range": 5.0,
    "Action": "Destroy",
    "Instant": false,
    "SwitchDelay": 250,
    "Swing": true,
    "Rotations": true,
    "Surroundings": true,
    "NoHit": false
  },
  "Fullbright": {
    "Mode": "Gamma"
  },
  "GhostHand": {
    "Block": 54
  },
  "GlowESP": {
    "Radius": 5.06,
    "Exposure": 2.2,
    "Seperate Texture": true,
    "Players": true,
    "Animals": false,
    "Mobs": false
  },
  "HUD": {
    "BlackHotbar": true,
    "InventoryParticle": false,
    "ShadowMode": "LiquidBounce",
    "ColorMode": "Light Rainbow",
    "FontWidth": 7,
    "R": 255,
    "G": 255,
    "B": 255,
    "Blur": false,
    "hueInterpolation": false,
    "MovingColors": false,
    "PlayTime": true,
    "Logo": true,
    "BMCTest": false,
    "ClientName": "Yuxian ConFig",
    "Scoreboard-Domain": "buy qq 1034758919",
    "HUD_Hotbar": true,
    "WhiteInfo": false,
    "paimon": true,
    "FontChat": false,
    "ChatRect": true,
    "Health": true,
    "ChatCombine": true,
    "ChatAnimation": true
  },
  "HYTGetName": {
    "Mode": "4V4/1V1"
  },
  "HighJump": {
    "HYTMotion": 5.0,
    "Height": 2.0,
    "Mode": "Vanilla",
    "OnlyGlassPane": false
  },
  "HitBox": {
    "Size": 0.4
  },
  "IceSpeed": {
    "Mode": "NCP"
  },
  "InfiniteAura": {
    "Mode": "Aura",
    "Targets": 1,
    "CPS": 3,
    "Distance": 100,
    "MoveDistance": 5.0,
    "NoRegen": true,
    "Swing": true,
    "PathRender": true
  },
  "InvCleaner": {
    "Tools": true,
    "Armor": true,
    "Bow": false,
    "Bucket": false,
    "Arrow": false,
    "OnlyInv": false,
    "No Move": false,
    "Delay": 80.0,
    "Auto Toggle": false
  },
  "InvMove": {
    "Mode": "Delay"
  },
  "ItemESP": {
    "Mode": "Box",
    "R": 0,
    "G": 255,
    "B": 0,
    "Rainbow": true
  },
  "KeepArmor": {
    "Health": 5,
    "LobbyValue": "/ 5"
  },
  "Kick": {
    "Mode": "Quit"
  },
  "KickWarn": {
    "X": 375,
    "Y": 125,
    "PacketsCheck": false,
    "VanillaCheck": true
  },
  "KillAura": {
    "MaxCPS": 12,
    "MinCPS": 11,
    "HurtTime": 10,
    "1.9CombatDelay": false,
    "Range": 3.87,
    "ThroughWallsRange": 1.44,
    "DiscoverRange": 5.1,
    "RangeSprintReducement": 0.0,
    "Priority": "Distance",
    "TargetMode": "Switch",
    "LockLocation": "Auto",
    "CustomSmooth": 1.0,
    "RotationReverse": false,
    "RotationReverseTick": 5,
    "KeepDirection": false,
    "KeepDirectionTick": 15,
    "SmoothMode": "Custom",
    "RotationMode": "Exhibition",
    "Swing": "Normal",
    "KeepSprint": true,
    "LightningBolt": false,
    "AutoBlock": "Hypixel",
    "VerusAutoBlock": false,
    "AutoBlockRange": 3.84,
    "AutoBlockPacket": "Vanilla",
    "InteractAutoBlock": false,
    "BlockRate": 100,
    "RayCast": true,
    "RayCastIgnored": false,
    "LivingRayCast": true,
    "AAC": false,
    "AttackTiming": "Pre",
    "BlockTiming": "Both",
    "MaxTurnSpeed": 180.0,
    "MinTurnSpeed": 180.0,
    "SilentRotation": true,
    "Strafe": "Off",
    "StrafeOnlyGround": false,
    "RandomCenter": "Off",
    "RandomRange": 1.2,
    "AlwaysHitable": true,
    "FOV": 180.0,
    "Predict": false,
    "MaxPredictSize": 1.0,
    "MinPredictSize": 1.0,
    "FailRate": 0.0,
    "FakeSwing": false,
    "NoInvAttack": false,
    "NoInvDelay": 95,
    "SwitchDelay": 300,
    "LimitedMultiTargets": 4,
    "Mark": "FDP",
    "Circle": false,
    "CircleRed": 255,
    "CircleGreen": 255,
    "CircleBlue": 255,
    "CircleAlpha": 255,
    "CircleAccuracy": 15
  },
  "LiquidWalk": {
    "Mode": "NCP",
    "NoJump": false,
    "AACFlyMotion": 0.5
  },
  "LongJump": {
    "Mode": "NCP",
    "NCPBoost": 4.25,
    "RedeSkyJumpMovement": 0.13,
    "RedeSkyMotionY": 0.81,
    "RedeSkyMovementReducer": true,
    "RedeSkyReduceMovement": 0.08,
    "RedeSkyMotionYReducer": true,
    "RedeSkyReduceYMotion": 0.15,
    "RedeSkyTimer": 0.3,
    "RedeSky2AirSpeed": 0.1,
    "RedeSky2MinAirSpeed": 0.08,
    "RedeSky2ReduceAirSpeed": 0.16,
    "RedeSky2AirSpeedReducer": true,
    "RedeSky2YMotion": 0.08,
    "RedeSky2MinYMotion": 0.04,
    "RedeSky2ReduceYMotion": 0.15,
    "RedeSky2YMotionReducer": true,
    "RedeSky3JumpTime": 500,
    "RedeSky3Boost": 1.0,
    "RedeSky3Height": 1.0,
    "RedeSky3Timer": 1.0,
    "AutoJump": true,
    "AutoClose": true,
    "CustomLong": 0.7,
    "CustomHeight": 0.07,
    "CustomTimer": 2.0
  },
  "NameProtect": {
    "FakeName": "\u0026cMe",
    "AllPlayers": false,
    "SkinProtect": true
  },
  "NameTag": {
    "Player": true,
    "Mob": false,
    "Animal": false,
    "Invisible": false,
    "Health": false,
    "Distance": false,
    "BackGround": 100,
    "Font": {
      "fontName": "Minecraft Font",
      "fontSize": -1
    }
  },
  "NewXray": {
    "Opacity": 50,
    "Dis": 50,
    "Cave": true,
    "Tracers": true,
    "ESP": true,
    "Thickness": 0.5,
    "Coal": false,
    "RedStone": false,
    "Iron": false,
    "Gold": true,
    "Diamond": true,
    "Emerald": false,
    "Lapis": false
  },
  "NoFOV": {
    "FOV": 1.0
  },
  "NoFall": {
    "Mode": "SpoofGround",
    "PhaseOffset": 1,
    "MinMLGHeight": 5.0,
    "MotionSpeed": -0.01
  },
  "NoPitchLimit": {
    "ServerSide": true
  },
  "NoRender": {
    "Items": true,
    "Players": true,
    "Mobs": true,
    "Animals": true,
    "ArmorStand": true,
    "All": true,
    "AutoReset": true,
    "MaxRenderRange": 4.0
  },
  "NoRotateSet": {
    "Confirm": true,
    "ConfirmIllegalRotation": false,
    "NoZero": false
  },
  "NoSlow": {
    "PacketMode": "Vulcan",
    "BlockForwardMultiplier": 1.0,
    "BlockStrafeMultiplier": 1.0,
    "ConsumeForwardMultiplier": 1.0,
    "ConsumeStrafeMultiplier": 1.0,
    "BowForwardMultiplier": 1.0,
    "BowStrafeMultiplier": 1.0,
    "CustomOnGround": false,
    "CustomDelay": 60,
    "Soulsand": true,
    "Teleport": false,
    "TeleportMode": "Vanilla",
    "TeleportNoApply": false,
    "Teleport-CustomSpeed": 0.13,
    "Teleport-CustomY": false,
    "Teleport-DecreasePercent": 0.13
  },
  "NoSlowBreak": {
    "Air": true,
    "Water": false
  },
  "NoSwing": {
    "ServerSide": true
  },
  "NoWeb": {
    "Mode": "None",
    "HorizonSpeed": 0.1
  },
  "Nuker": {
    "Radius": 5.2,
    "ThroughWalls": false,
    "Priority": "Distance",
    "Rotations": true,
    "Layer": false,
    "HitDelay": 4,
    "Nuke": 1,
    "NukeDelay": 1
  },
  "PacketFixer": {
    "Blink3Y": true,
    "Timer3A": true,
    "Scaffold14D": true,
    "Scaffold14E": true,
    "Fly4I": false,
    "Fly4C": false
  },
  "PacketGraph": {
    "X": 2.0,
    "Y": 10.0
  },
  "Particles": {
    "Amount": 10,
    "Physics": true
  },
  "Phase": {
    "Mode": "Vanilla"
  },
  "PingSpoof": {
    "MaxDelay": 1000,
    "MinDelay": 500,
    "C00": true,
    "C0F": false,
    "C0B": false,
    "C13": false,
    "C16": true,
    "Cancel": false
  },
  "PlayerEdit": {
    "PlayerSize": 0.5,
    "EditPlayerSize": true
  },
  "PlayerList": {
    "X": 2.0,
    "Y": 10.0
  },
  "Projectiles": {
    "DynamicBowPower": true
  },
  "ProphuntESP": {
    "R": 0,
    "G": 90,
    "B": 255,
    "Rainbow": false
  },
  "Radar": {
    "scale": 2.0,
    "x": 180.0,
    "y": 10.0,
    "size": 100.0
  },
  "Reach": {
    "CombatReach": 3.5,
    "BuildReach": 5.0
  },
  "Regen": {
    "Mode": "Vanilla",
    "Health": 18,
    "Food": 18,
    "Speed": 100,
    "NoAir": false,
    "PotionEffect": false
  },
  "Rotations": {
    "Head": true,
    "Body": true,
    "SensitivityFixed": "New",
    "NaNCheck": true
  },
  "SafeWalk": {
    "AirSafe": false
  },
  "Scaffold": {
    "Mode": "Normal",
    "MaxDelay": 0,
    "MinDelay": 0,
    "SmartPlaceableDelay": false,
    "AutoBlock": "Switch",
    "Sprint": false,
    "Swing": true,
    "Search": true,
    "Down": false,
    "PlaceTiming": "Post",
    "TimerBoost": false,
    "FastTimer": 1170,
    "SlowTimer": 1200,
    "Timer": 1.387,
    "Timer2": 1.387,
    "Eagle": false,
    "EagleSilent": false,
    "BlocksToEagle": 0,
    "ExpandLength": 1,
    "Rotations": "AAC",
    "CustomYaw": 79,
    "CustomPitch": 79,
    "Rotation": true,
    "HypixelYaw": -43,
    "HypixelPitch": 79,
    "AACPitch": 79,
    "AACSmartPitch": false,
    "AACYaw": 0,
    "KeepRotationLength": 10,
    "Zitter": false,
    "ZitterMode": "Teleport",
    "ZitterSpeed": 0.13,
    "ZitterStrength": 0.072,
    "SpeedModifier": 1.0,
    "SameY": false,
    "SmartSpeed": false,
    "AutoJump": false,
    "SafeWalk": true,
    "AirSafe": false,
    "R": 255,
    "G": 255,
    "B": 255,
    "A": 255,
    "Counter": "Simple",
    "Blur-Advanced": false,
    "Blur-Strength": 1.0,
    "Mark": false,
    "Tower": true,
    "Debug": true,
    "MaxTurnSpeed": 180.0,
    "MinTurnSpeed": 180.0
  },
  "ServerCrasher": {
    "Mode": "Book"
  },
  "SessionInfo": {
    "blur": true,
    "xValue": 5.0,
    "yValue": 15.0,
    "R": 209,
    "G": 153,
    "B": 219,
    "alpha": 132
  },
  "SlimeJump": {
    "Motion": 0.42,
    "Mode": "Add"
  },
  "Sneak": {
    "Mode": "MineSecure",
    "StopMove": false
  },
  "Spammer": {
    "MaxDelay": 1000,
    "MinDelay": 500,
    "Message": "Noteless Client | liquidbounce(.",
    "Custom": false
  },
  "Speed": {
    "Mode": "Hypixel",
    "LagBackCheck": true,
    "CustomSpeed": 1.6,
    "CustomY": 0.0,
    "CustomTimer": 1.0,
    "CustomStrafe": true,
    "CustomResetXZ": false,
    "CustomResetY": true,
    "SpeedTimer": 1.376,
    "hypixelspeed": 0.47,
    "speedY": 0.398
  },
  "SpeedMine": {
    "Speed": 1.36
  },
  "Sprint": {
    "AllDirections": false,
    "Blindness": false,
    "Food": false,
    "CheckServerSide": false,
    "CheckServerSideOnlyGround": false
  },
  "Step": {
    "smooth": false
  },
  "StorageESP": {
    "Mode": "Outline",
    "Chest": true,
    "EnderChest": true,
    "Furnace": true,
    "Dispenser": true,
    "Hopper": true
  },
  "Strafe": {
    "Strength": 0.67,
    "Rotate": true,
    "OnlySpeed": true,
    "NoMoveStop": false,
    "OnGround": true
  },
  "SuperKnockback": {
    "HurtTime": 10
  },
  "TargetHUD": {
    "Mode": "Flux",
    "X": 490,
    "Y": 210
  },
  "TargetStrafe": {
    "RenderMode": "Circle",
    "ThirdPersonView": false,
    "Radius": 1.4449999,
    "HoldSpace": false,
    "OnlySpeed": false,
    "keyFly": true
  },
  "Teams": {
    "ScoreboardTeam": true,
    "Color": true,
    "GommeSW": false,
    "ArmorColor": false
  },
  "Teleport": {
    "IgnoreNoCollision": true,
    "Mode": "Blink",
    "Button": "Middle",
    "NeedSneak": true
  },
  "Timer": {
    "Speed": 2.0,
    "OnMove": true
  },
  "Tower": {
    "Mode": "Motion",
    "AutoBlock": true,
    "StayAutoBlock": false,
    "Swing": true,
    "StopWhenBlockAbove": false,
    "Rotations": true,
    "KeepRotation": false,
    "OnJump": false,
    "PlaceTiming": "Post",
    "Timer": 1.0,
    "JumpMotion": 0.42,
    "JumpDelay": 0,
    "ConstantMotion": 0.42,
    "ConstantMotionJumpGround": 0.79,
    "TeleportHeight": 1.15,
    "TeleportDelay": 0,
    "TeleportGround": true,
    "TeleportNoMotion": false,
    "tower_move": true
  },
  "Tracers": {
    "Thickness": 2.0,
    "DistanceColor": false
  },
  "TrueSight": {
    "Barriers": true,
    "Entities": true
  },
  "VClip": {
    "Down Value": 4
  },
  "Velocity": {
    "Horizontal": 0.0,
    "Vertical": 0.0,
    "alerts": true,
    "VelocityTick": 0,
    "Mode": "Cancel",
    "PhaseHeight": 0.5,
    "PhaseOnlyGround": true,
    "OnlyCombat": false,
    "OnlyGround": false,
    "noFire": false
  },
  "WallClimb": {
    "Mode": "Simple",
    "ClipMode": "Fast",
    "CheckerClimbMotion": 0.0
  },
  "WaterSpeed": {
    "Speed": 1.2
  },
  "XRay": {
    "Bypass": true,
    "DrawBlockESP": true,
    "Cave": true
  }
}
