[
  {
    "Type": "Scoreboard",
    "X": 5.0,
    "Y": 0.0,
    "Scale": 1.0,
    "HorizontalFacing": "Right",
    "VerticalFacing": "Middle",
    "Text-R": 255,
    "Text-G": 255,
    "Text-B": 255,
    "Background-R": 0,
    "Background-G": 0,
    "Background-B": 0,
    "Background-Alpha": 95,
    "Rect": false,
    "Rect-Color": "Custom",
    "Rect-R": 0,
    "Rect-G": 111,
    "Rect-B": 255,
    "Rect-Alpha": 255,
    "Shadow": false,
    "Font": {
      "fontName": "Minecraft Font",
      "fontSize": -1
    }
  },
  {
    "Type": "Effects",
    "X": 2.0,
    "Y": 10.0,
    "Scale": 1.0,
    "HorizontalFacing": "Right",
    "VerticalFacing": "Down",
    "Font": {
      "fontName": "Roboto Medium",
      "fontSize": 35
    },
    "Shadow": true
  },
  {
    "Type": "Notifications",
    "X": 0.0,
    "Y": 30.0,
    "Scale": 1.0,
    "HorizontalFacing": "Right",
    "VerticalFacing": "Down"
  },
  {
    "Type": "Text",
    "X": 2.0,
    "Y": 1.0,
    "Scale": 1.0,
    "HorizontalFacing": "Left",
    "VerticalFacing": "Up",
    "DisplayText": "RedBone",
    "Red": 34,
    "Green": 220,
    "Blue": 236,
    "Rainbow": false,
    "Rainbow-X": -1000.0,
    "Rainbow-Y": -1000.0,
    "Shadow": true,
    "Outline": false,
    "Rect": true,
    "OneTapRect": true,
    "SkeetRect": false,
    "OnlyWhtie": false,
    "Font": {
      "fontName": "Minecraft Font",
      "fontSize": -1
    }
  },
  {
    "Type": "TabGUI",
    "X": 5.0,
    "Y": 25.0,
    "Scale": 1.0,
    "HorizontalFacing": "Left",
    "VerticalFacing": "Up",
    "Rainbow-X": -1000.0,
    "Rainbow-Y": -1000.0,
    "Rectangle Red": 68,
    "Rectangle Green": 255,
    "Rectangle Blue": 255,
    "Rectangle Alpha": 47,
    "Rectangle Rainbow": false,
    "Background Red": 0,
    "Background Green": 0,
    "Background Blue": 0,
    "Background Alpha": 74,
    "Border": true,
    "Border Strength": 2.0,
    "Border Red": 0,
    "Border Green": 0,
    "Border Blue": 0,
    "Border Alpha": 150,
    "Border Rainbow": false,
    "Arrows": false,
    "Font": {
      "fontName": "Minecraft Font",
      "fontSize": -1
    },
    "TextShadow": true,
    "TextFade": false,
    "TextPosition-Y": 2.0,
    "Width": 60.0,
    "TabHeight": 12.0,
    "UpperCase": false
  },
  {
    "Type": "Armor",
    "X": -8.0,
    "Y": 57.0,
    "Scale": 1.0,
    "HorizontalFacing": "Middle",
    "VerticalFacing": "Down",
    "Alignment": "Horizontal"
  },
  {
    "Type": "Text",
    "X": 51.0,
    "Y": 1.0,
    "Scale": 1.0,
    "HorizontalFacing": "Left",
    "VerticalFacing": "Up",
    "DisplayText": "+Q 3022240681",
    "Red": 37,
    "Green": 255,
    "Blue": 255,
    "Rainbow": false,
    "Rainbow-X": -1000.0,
    "Rainbow-Y": -1000.0,
    "Shadow": true,
    "Outline": false,
    "Rect": false,
    "OneTapRect": true,
    "SkeetRect": false,
    "OnlyWhtie": false,
    "Font": {
      "fontName": "Minecraft Font",
      "fontSize": -1
    }
  },
  {
    "Type": "Target",
    "X": 263.0,
    "Y": 302.0,
    "Scale": 1.0,
    "HorizontalFacing": "Left",
    "VerticalFacing": "Up",
    "FadeSpeed": 2.1707315
  },
  {
    "Type": "Arraylist",
    "X": 1.0,
    "Y": 2.0,
    "Scale": 1.0,
    "HorizontalFacing": "Right",
    "VerticalFacing": "Up",
    "BRainbowSpeed": 58,
    "BRainbow-Saturation": 0.6666667,
    "BRainbow-Brightness": 1.0,
    "BRainbow-R": 0,
    "BRainbow-B": 53,
    "BRainbow-G": 21,
    "Rainbow-X": -1000.0,
    "Rainbow-Y": -1000.0,
    "Text-Color": "Bainbow",
    "Text-R": 0,
    "Text-G": 111,
    "Text-B": 255,
    "TwoRainbow": 1.0,
    "Rect-Color": "Custom",
    "Rect-R": 255,
    "Rect-G": 255,
    "Rect-B": 255,
    "Rect-Alpha": 255,
    "Random-Saturation": 0.9,
    "Random-Brightness": 1.0,
    "Tags": true,
    "ShadowText": true,
    "Background-Color": "Custom",
    "Background-R": 0,
    "Background-G": 0,
    "Background-B": 111,
    "Background-Alpha": 0,
    "BackGroundWidth": 2,
    "Rect": "None",
    "UpperCase": false,
    "Space": 0.0,
    "TextHeight": 11.0,
    "TextY": 1.0,
    "TagsArrayColor": false,
    "NameBreak": true,
    "Font": {
      "fontName": "Minecraft Font",
      "fontSize": -1
    }
  }
]
