[
  {
    "fontFile":"Carefree.ttf",
    "fontSize":45
  },
  {
    "fontFile":"Casanova Scotia.ttf",
    "fontSize":45
  },
  {
    "fontFile":"Aldo the Apache.ttf",
	"fontSize":45
  },
  {
    "fontFile":"Pistacja 3 Regular.ttf",
	"fontSize":45
  },
  {
    "fontFile":"Segoe print.ttf",
	"fontSize":45
  },
  {
    "fontFile":"Cracked-Code.ttf",
	"fontSize":45
  },
  {
    "fontFile":"ZaoziGongFang.ttf",
	"fontSize":45
  },
  {
    "fontFile":"BRUX.otf",
	"fontSize":45
  }
  
]