{
  "Combat": {
    "open": true,
    "visible": true,
    "posX": 273,
    "posY": 0,
    "Aimbot": {
      "Settings": false
    },
    "AntiFireBall": {
      "Settings": false
    },
    "AutoArmor": {
      "Settings": false
    },
    "AutoBow": {
      "Settings": false
    },
    "AutoClicker": {
      "Settings": false
    },
    "AutoLeave": {
      "Settings": false
    },
    "AutoPot": {
      "Settings": false
    },
    "AutoSoup": {
      "Settings": false
    },
    "AutoWeapon": {
      "Settings": false
    },
    "BowAimbot": {
      "Settings": false
    },
    "Criticals": {
      "Settings": false
    },
    "FastBow": {
      "Settings": false
    },
    "HitBox": {
      "Settings": false
    },
    "Ignite": {
      "Settings": false
    },
    "JitterVelocity": {
      "Settings": false
    },
    "KillAura": {
      "Settings": true
    },
    "NoFire": {
      "Settings": false
    },
    "NoFriends": {
      "Settings": false
    },
    "ReachAura": {
      "Settings": false
    },
    "SuperKnockback": {
      "Settings": false
    },
    "TNTBlock": {
      "Settings": false
    },
    "TeleportHit": {
      "Settings": true
    },
    "Trigger": {
      "Settings": false
    },
    "Velocity": {
      "Settings": false
    }
  },
  "Player": {
    "open": true,
    "visible": true,
    "posX": 719,
    "posY": 389,
    "AntiAFK": {
      "Settings": false
    },
    "AntiBadDebuff": {
      "Settings": false
    },
    "AntiCactus": {
      "Settings": false
    },
    "AntiFall": {
      "Settings": false
    },
    "AutoFish": {
      "Settings": false
    },
    "AutoRespawn": {
      "Settings": false
    },
    "AutoTool": {
      "Settings": false
    },
    "Blink": {
      "Settings": false
    },
    "Eagle": {
      "Settings": false
    },
    "FastUse": {
      "Settings": false
    },
    "InventoryCleaner": {
      "Settings": false
    },
    "KeepAlive": {
      "Settings": false
    },
    "NoFall": {
      "Settings": false
    },
    "PotionSaver": {
      "Settings": false
    },
    "Reach": {
      "Settings": false
    },
    "Regen": {
      "Settings": false
    },
    "SoulRegen": {
      "Settings": false
    },
    "Zoot": {
      "Settings": false
    }
  },
  "Movement": {
    "open": true,
    "visible": true,
    "posX": 21,
    "posY": 8,
    "AirJump": {
      "Settings": false
    },
    "AirLadder": {
      "Settings": false
    },
    "AutoWalk": {
      "Settings": false
    },
    "BlockWalk": {
      "Settings": false
    },
    "BufferSpeed": {
      "Settings": false
    },
    "BugUp": {
      "Settings": false
    },
    "FastClimb": {
      "Settings": false
    },
    "FastStairs": {
      "Settings": false
    },
    "Fly": {
      "Settings": false
    },
    "Freeze": {
      "Settings": false
    },
    "HighJump": {
      "Settings": false
    },
    "IceSpeed": {
      "Settings": false
    },
    "InventoryMove": {
      "Settings": false
    },
    "KeepSprint": {
      "Settings": false
    },
    "LadderJump": {
      "Settings": false
    },
    "LiquidWalk": {
      "Settings": false
    },
    "LongJump": {
      "Settings": false
    },
    "NoClip": {
      "Settings": false
    },
    "NoJumpDelay": {
      "Settings": false
    },
    "NoSlow": {
      "Settings": false
    },
    "NoWeb": {
      "Settings": false
    },
    "Parkour": {
      "Settings": false
    },
    "PerfectHorseJump": {
      "Settings": false
    },
    "ReverseStep": {
      "Settings": false
    },
    "SafeWalk": {
      "Settings": false
    },
    "SlimeJump": {
      "Settings": false
    },
    "Sneak": {
      "Settings": false
    },
    "Speed": {
      "Settings": false
    },
    "Sprint": {
      "Settings": false
    },
    "Step": {
      "Settings": false
    },
    "Strafe": {
      "Settings": false
    },
    "TargetStrafe": {
      "Settings": false
    },
    "VulCanFly": {
      "Settings": false
    },
    "VulCanNoSlow": {
      "Settings": false
    },
    "VulCanSpeed": {
      "Settings": false
    },
    "WallClimb": {
      "Settings": false
    },
    "WaterSpeed": {
      "Settings": false
    }
  },
  "Render": {
    "open": true,
    "visible": true,
    "posX": 277,
    "posY": 329,
    "Ambience": {
      "Settings": false
    },
    "Animations": {
      "Settings": false
    },
    "AntiBlind": {
      "Settings": false
    },
    "BlockESP": {
      "Settings": false
    },
    "BlockOverlay": {
      "Settings": false
    },
    "Breadcrumbs": {
      "Settings": false
    },
    "CameraClip": {
      "Settings": false
    },
    "Chams": {
      "Settings": false
    },
    "ChinaHat": {
      "Settings": false
    },
    "ClickGUI": {
      "Settings": false
    },
    "DamageParticle": {
      "Settings": false
    },
    "ESP": {
      "Settings": false
    },
    "ESP2D": {
      "Settings": false
    },
    "EnchantEffect": {
      "Settings": false
    },
    "FPSHurtCam": {
      "Settings": false
    },
    "FreeCam": {
      "Settings": false
    },
    "Fullbright": {
      "Settings": false
    },
    "HUD": {
      "Settings": false
    },
    "HeadRotations": {
      "Settings": false
    },
    "IQBoost": {
      "Settings": false
    },
    "ItemESP": {
      "Settings": false
    },
    "ItemShow": {
      "Settings": false
    },
    "NameTags": {
      "Settings": false
    },
    "NoBob": {
      "Settings": false
    },
    "NoFOV": {
      "Settings": false
    },
    "NoHurtCam": {
      "Settings": false
    },
    "NoScoreboard": {
      "Settings": false
    },
    "NoSwing": {
      "Settings": false
    },
    "PacketGraph": {
      "Settings": false
    },
    "Projectiles": {
      "Settings": false
    },
    "ProphuntESP": {
      "Settings": false
    },
    "StorageESP": {
      "Settings": false
    },
    "TNTESP": {
      "Settings": false
    },
    "Tracers": {
      "Settings": false
    },
    "TrueSight": {
      "Settings": false
    },
    "XRay": {
      "Settings": false
    }
  },
  "World": {
    "open": true,
    "visible": true,
    "posX": 832,
    "posY": 68,
    "AutoBreak": {
      "Settings": false
    },
    "ChestAura": {
      "Settings": false
    },
    "ChestStealer": {
      "Settings": false
    },
    "CivBreak": {
      "Settings": false
    },
    "FastBreak": {
      "Settings": false
    },
    "FastPlace": {
      "Settings": false
    },
    "Fucker": {
      "Settings": false
    },
    "Liquids": {
      "Settings": false
    },
    "NoSlowBreak": {
      "Settings": false
    },
    "Nuker": {
      "Settings": false
    },
    "Scaffold": {
      "Settings": false
    },
    "SpeedMine": {
      "Settings": true
    },
    "Timer": {
      "Settings": false
    },
    "Tower": {
      "Settings": false
    }
  },
  "Misc": {
    "open": true,
    "visible": true,
    "posX": 971,
    "posY": 273,
    "AntiBot": {
      "Settings": false
    },
    "AsNoDeads": {
      "Settings": false
    },
    "AtAllProvider": {
      "Settings": false
    },
    "AutoDisabler": {
      "Settings": false
    },
    "AutoGG": {
      "Settings": false
    },
    "AutoLobby": {
      "Settings": false
    },
    "AutoLose": {
      "Settings": false
    },
    "ComponentOnHover": {
      "Settings": false
    },
    "CustomTitle": {
      "Settings": false
    },
    "Derp": {
      "Settings": false
    },
    "HytBlinkFlyPlus": {
      "Settings": false
    },
    "HytGetName": {
      "Settings": false
    },
    "HytJump": {
      "Settings": false
    },
    "HytKa": {
      "Settings": true
    },
    "LiquidChat": {
      "Settings": false
    },
    "MemoryFix": {
      "Settings": false
    },
    "MidClick": {
      "Settings": false
    },
    "NameProtect": {
      "Settings": false
    },
    "NoFucker": {
      "Settings": false
    },
    "NoRotateSet": {
      "Settings": false
    },
    "ResourcePackSpoof": {
      "Settings": false
    },
    "SkinDerp": {
      "Settings": false
    },
    "Spammer": {
      "Settings": false
    },
    "Teams": {
      "Settings": false
    }
  },
  "Exploit": {
    "open": true,
    "visible": true,
    "posX": 511,
    "posY": 333,
    "AbortBreaking": {
      "Settings": false
    },
    "AntiHunger": {
      "Settings": false
    },
    "BedGodMode": {
      "Settings": false
    },
    "Clip": {
      "Settings": false
    },
    "ConsoleSpammer": {
      "Settings": false
    },
    "Damage": {
      "Settings": false
    },
    "Disabler": {
      "Settings": false
    },
    "DisablerX": {
      "Settings": false
    },
    "ForceUnicodeChat": {
      "Settings": false
    },
    "Ghost": {
      "Settings": false
    },
    "GhostHand": {
      "Settings": false
    },
    "GodMode": {
      "Settings": false
    },
    "ItemTeleport": {
      "Settings": false
    },
    "KeepContainer": {
      "Settings": false
    },
    "Kick": {
      "Settings": false
    },
    "MoreCarry": {
      "Settings": false
    },
    "MultiActions": {
      "Settings": false
    },
    "NoPitchLimit": {
      "Settings": false
    },
    "Paralyze": {
      "Settings": false
    },
    "Phase": {
      "Settings": false
    },
    "PingSpoof": {
      "Settings": false
    },
    "Plugins": {
      "Settings": false
    },
    "PortalMenu": {
      "Settings": false
    },
    "ServerCrasher": {
      "Settings": false
    },
    "Teleport": {
      "Settings": false
    },
    "VehicleOneHit": {
      "Settings": true
    }
  },
  "Targets": {
    "open": true,
    "visible": true,
    "posX": 1109,
    "posY": 156
  }
}
