[
  {
    "Type": "Armor",
    "X": -8.0,
    "Y": 57.0,
    "Scale": 1.0,
    "HorizontalFacing": "Middle",
    "VerticalFacing": "Down",
    "Alignment": "Horizontal",
    "Blur": 0.0
  },
  {
    "Type": "Effects",
    "X": 2.0,
    "Y": 10.0,
    "Scale": 1.0,
    "HorizontalFacing": "Right",
    "VerticalFacing": "Down",
    "Font": {
      "fontName": "Roboto Medium",
      "fontSize": 35
    },
    "Shadow": true,
    "Blur": 0.0
  },
  {
    "Type": "Notifications",
    "X": 0.0,
    "Y": 30.0,
    "Scale": 1.0,
    "HorizontalFacing": "Right",
    "VerticalFacing": "Down",
    "Blur": 0.0
  },
  {
    "Type": "Arraylist",
    "X": 1.0,
    "Y": 2.0,
    "Scale": 1.0,
    "HorizontalFacing": "Right",
    "VerticalFacing": "Up",
    "BRainbowSpeed": 90,
    "BRainbow-Saturation": 1.0,
    "BRainbow-Brightness": 1.0,
    "BRainbow-R": 0,
    "BRainbow-B": 50,
    "BRainbow-G": 50,
    "Rainbow-X": -1000.0,
    "Rainbow-Y": -1000.0,
    "Text-Color": "LRainbow",
    "Text-R": 0,
    "Text-G": 111,
    "Text-B": 255,
    "TwoRainbow": 1.0,
    "Rect-Color": "Rainbow",
    "Rect-R": 255,
    "Rect-G": 255,
    "Rect-B": 255,
    "Rect-Alpha": 255,
    "Random-Saturation": 0.9,
    "Random-Brightness": 1.0,
    "Tags": true,
    "ShadowText": true,
    "Background-Color": "Custom",
    "Background-R": 0,
    "Background-G": 0,
    "Background-B": 0,
    "Background-Alpha": 0,
    "BackGroundWidth": 2,
    "Rect": "None",
    "UpperCase": false,
    "Space": 0.0,
    "TextHeight": 11.0,
    "TextY": 1.0,
    "TagsArrayColor": false,
    "NameBreak": false,
    "Font": {
      "fontName": "Roboto Medium",
      "fontSize": 40
    },
    "Blur": 0.0
  },
  {
    "Type": "NewEffects",
    "X": 0.0,
    "Y": 285.0,
    "Scale": 1.0,
    "HorizontalFacing": "Left",
    "VerticalFacing": "Up",
    "Blur": 0.0
  },
  {
    "Type": "Armor",
    "X": -8.0,
    "Y": 57.0,
    "Scale": 1.0,
    "HorizontalFacing": "Middle",
    "VerticalFacing": "Down",
    "Alignment": "Horizontal",
    "Blur": 0.0
  },
  {
    "Type": "Inventory",
    "X": 323.0,
    "Y": 15.0,
    "Scale": 1.0,
    "HorizontalFacing": "Right",
    "VerticalFacing": "Up",
    "BGRed": 0,
    "BGGreen": 0,
    "BGBlue": 0,
    "BGAlpha": 150,
    "BDRed": 255,
    "BDGreen": 255,
    "BDBlue": 255,
    "Title": true,
    "BDRainbow": false,
    "Font": {
      "fontName": "Roboto Medium",
      "fontSize": 35
    },
    "Blur": 0.0
  },
  {
    "Type": "NewTargets",
    "X": -34.0,
    "Y": -20.0,
    "Scale": 1.0,
    "HorizontalFacing": "Middle",
    "VerticalFacing": "Middle",
    "Mode": "Rise",
    "SwitchMode": "Slide",
    "AnimSpeed": 10,
    "SwitchAnimSpeed": 20,
    "Font": {
      "fontName": "Roboto Medium",
      "fontSize": 40
    },
    "Blur": 0.0
  }
]
