{
  "Player": {
    "open": true,
    "visible": true,
    "posX": 520,
    "posY": 1,
    "AAC4.3.7Helper": {
      "Settings": false
    },
    "AntiAFK": {
      "Settings": false
    },
    "AntiCactus": {
      "Settings": false
    },
    "AntiFall": {
      "Settings": false
    },
    "AntiFireBall": {
      "Settings": false
    },
    "AutoAbuse": {
      "Settings": false
    },
    "AutoFish": {
      "Settings": false
    },
    "AutoGG\u0026Play": {
      "Settings": false
    },
    "AutoHeal": {
      "Settings": false
    },
    "AutoRespawn": {
      "Settings": false
    },
    "AutoTool": {
      "Settings": false
    },
    "Blink": {
      "Settings": false
    },
    "Eagle": {
      "Settings": false
    },
    "FastUse": {
      "Settings": false
    },
    "HackerDetector": {
      "Settings": false
    },
    "InventoryManager": {
      "Settings": false
    },
    "KeepAlive": {
      "Settings": false
    },
    "LagBackCheck": {
      "Settings": false
    },
    "NoFall": {
      "Settings": false
    },
    "PotionSaver": {
      "Settings": false
    },
    "Reach": {
      "Settings": false
    },
    "Regen": {
      "Settings": false
    },
    "Zoot": {
      "Settings": false
    }
  },
  "Movement": {
    "open": true,
    "visible": true,
    "posX": 771,
    "posY": 196,
    "AirJump": {
      "Settings": false
    },
    "AirLadder": {
      "Settings": false
    },
    "AntiLagBack": {
      "Settings": false
    },
    "AutoWalk": {
      "Settings": false
    },
    "BlockWalk": {
      "Settings": false
    },
    "BufferSpeed": {
      "Settings": false
    },
    "BugUp": {
      "Settings": false
    },
    "FastClimb": {
      "Settings": false
    },
    "FastStairs": {
      "Settings": false
    },
    "Fly": {
      "Settings": false
    },
    "Freeze": {
      "Settings": false
    },
    "HighJump": {
      "Settings": false
    },
    "IceSpeed": {
      "Settings": false
    },
    "InMove": {
      "Settings": false
    },
    "LadderJump": {
      "Settings": false
    },
    "LiquidWalk": {
      "Settings": false
    },
    "LongJump": {
      "Settings": false
    },
    "NoClip": {
      "Settings": false
    },
    "NoJumpDelay": {
      "Settings": true
    },
    "NoSlow": {
      "Settings": false
    },
    "NoWeb": {
      "Settings": false
    },
    "Parkour": {
      "Settings": false
    },
    "PerfectHorseJump": {
      "Settings": false
    },
    "ReverseStep": {
      "Settings": false
    },
    "SafeWalk": {
      "Settings": false
    },
    "SlimeJump": {
      "Settings": false
    },
    "Sneak": {
      "Settings": false
    },
    "Speed": {
      "Settings": false
    },
    "Sprint": {
      "Settings": false
    },
    "Step": {
      "Settings": false
    },
    "Strafe": {
      "Settings": false
    },
    "WallClimb": {
      "Settings": false
    },
    "WaterSpeed": {
      "Settings": false
    }
  },
  "World": {
    "open": true,
    "visible": true,
    "posX": 783,
    "posY": 1,
    "Ambience": {
      "Settings": false
    },
    "AutoBreak": {
      "Settings": false
    },
    "ChestAura": {
      "Settings": false
    },
    "ChestStealer": {
      "Settings": false
    },
    "CivBreak": {
      "Settings": false
    },
    "FastBreak": {
      "Settings": false
    },
    "FastPlace": {
      "Settings": false
    },
    "Fucker": {
      "Settings": false
    },
    "Liquids": {
      "Settings": false
    },
    "NoSlowBreak": {
      "Settings": false
    },
    "Nuker": {
      "Settings": false
    },
    "Scaffold": {
      "Settings": true
    },
    "TPBed": {
      "Settings": false
    },
    "Timer": {
      "Settings": false
    },
    "Tower": {
      "Settings": false
    }
  },
  "Misc": {
    "open": true,
    "visible": true,
    "posX": 499,
    "posY": 183,
    "AntiBot": {
      "Settings": false
    },
    "AtAllProvider": {
      "Settings": false
    },
    "ComponentOnHover": {
      "Settings": false
    },
    "LiquidChat": {
      "Settings": false
    },
    "MidClick": {
      "Settings": false
    },
    "NameProtect": {
      "Settings": false
    },
    "NoRotateSet": {
      "Settings": false
    },
    "ResourcePackSpoof": {
      "Settings": false
    },
    "Spammer": {
      "Settings": false
    },
    "Teams": {
      "Settings": false
    }
  },
  "Exploit": {
    "open": true,
    "visible": true,
    "posX": 320,
    "posY": 270,
    "AbortBreaking": {
      "Settings": false
    },
    "AntiHunger": {
      "Settings": false
    },
    "BedGodMode": {
      "Settings": false
    },
    "Clip": {
      "Settings": false
    },
    "ConsoleSpammer": {
      "Settings": false
    },
    "Damage": {
      "Settings": false
    },
    "ForceUnicodeChat": {
      "Settings": false
    },
    "Ghost": {
      "Settings": false
    },
    "GhostHand": {
      "Settings": false
    },
    "GodMode": {
      "Settings": false
    },
    "ItemTeleport": {
      "Settings": false
    },
    "KeepContainer": {
      "Settings": false
    },
    "Kick": {
      "Settings": false
    },
    "MoreCarry": {
      "Settings": false
    },
    "MultiActions": {
      "Settings": false
    },
    "NoPitchLimit": {
      "Settings": false
    },
    "Paralyze": {
      "Settings": false
    },
    "Phase": {
      "Settings": false
    },
    "PingSpoof": {
      "Settings": false
    },
    "Plugins": {
      "Settings": false
    },
    "PortalMenu": {
      "Settings": false
    },
    "Teleport": {
      "Settings": false
    },
    "VehicleOneHit": {
      "Settings": false
    }
  },
  "Fun": {
    "open": true,
    "visible": true,
    "posX": 234,
    "posY": 180,
    "Derp": {
      "Settings": false
    },
    "SkinDerp": {
      "Settings": false
    },
    "TitlePlus": {
      "Settings": false
    }
  },
  "NewAAC": {
    "open": true,
    "visible": true,
    "posX": 9,
    "posY": 57,
    "AACDash": {
      "Settings": true
    },
    "CapeManager": {
      "Settings": true
    },
    "Crasher": {
      "Settings": false
    },
    "Disabler": {
      "Settings": false
    },
    "LightningDetect": {
      "Settings": false
    },
    "TargetMark": {
      "Settings": false
    }
  },
  "Targets": {
    "open": true,
    "visible": true,
    "posX": 100,
    "posY": 205
  },
  "Combat": {
    "open": false,
    "visible": true,
    "posX": 657,
    "posY": 0,
    "Aimbot": {
      "Settings": true
    },
    "Aura": {
      "Settings": true
    },
    "AutoArmor": {
      "Settings": false
    },
    "AutoBow": {
      "Settings": false
    },
    "AutoClicker": {
      "Settings": false
    },
    "AutoLeave": {
      "Settings": false
    },
    "AutoPot": {
      "Settings": false
    },
    "AutoSoup": {
      "Settings": false
    },
    "AutoWeapon": {
      "Settings": false
    },
    "BowAimbot": {
      "Settings": false
    },
    "Criticals": {
      "Settings": false
    },
    "FastBow": {
      "Settings": false
    },
    "HitBox": {
      "Settings": false
    },
    "Ignite": {
      "Settings": false
    },
    "NoFriends": {
      "Settings": false
    },
    "SuperKnockback": {
      "Settings": false
    },
    "TNTBlock": {
      "Settings": false
    },
    "TPAura": {
      "Settings": false
    },
    "TeleportHit": {
      "Settings": false
    },
    "Trigger": {
      "Settings": false
    },
    "Velocity": {
      "Settings": false
    }
  },
  "Render": {
    "open": false,
    "visible": true,
    "posX": 349,
    "posY": 1,
    "Animations": {
      "Settings": true
    },
    "AntiBlind": {
      "Settings": false
    },
    "Arrows": {
      "Settings": false
    },
    "BlockESP": {
      "Settings": false
    },
    "BlockOverlay": {
      "Settings": false
    },
    "Breadcrumbs": {
      "Settings": false
    },
    "CameraClip": {
      "Settings": false
    },
    "Chams": {
      "Settings": false
    },
    "ChatTranslator": {
      "Settings": false
    },
    "ChinaHat": {
      "Settings": false
    },
    "ClickGUI": {
      "Settings": false
    },
    "DamageParticle": {
      "Settings": false
    },
    "ESP": {
      "Settings": false
    },
    "EnchantEffect": {
      "Settings": false
    },
    "FPSHurtCam": {
      "Settings": false
    },
    "FreeCam": {
      "Settings": false
    },
    "Fullbright": {
      "Settings": false
    },
    "HUD": {
      "Settings": false
    },
    "ItemESP": {
      "Settings": false
    },
    "ModuleInfo": {
      "Settings": false
    },
    "NameTags": {
      "Settings": false
    },
    "NoBob": {
      "Settings": false
    },
    "NoFOV": {
      "Settings": false
    },
    "NoHurtCam": {
      "Settings": true
    },
    "NoScoreboard": {
      "Settings": false
    },
    "NoSwing": {
      "Settings": false
    },
    "PlayerFace": {
      "Settings": false
    },
    "Projectiles": {
      "Settings": false
    },
    "ProphuntESP": {
      "Settings": false
    },
    "Rotations": {
      "Settings": false
    },
    "StorageESP": {
      "Settings": false
    },
    "SwingAnimation": {
      "Settings": false
    },
    "TNTESP": {
      "Settings": false
    },
    "TargetHUD2": {
      "Settings": false
    },
    "TargetInfo": {
      "Settings": false
    },
    "Tracers": {
      "Settings": false
    },
    "TrueSight": {
      "Settings": false
    },
    "XRay": {
      "Settings": false
    }
  }
}
