{
  "CommandPrefix": ".",
  "targets": {
    "TargetPlayer": true,
    "TargetMobs": false,
    "TargetAnimals": false,
    "TargetInvisible": false,
    "TargetDead": false
  },
  "features": {
    "AntiForge": false,
    "AntiForgeFML": true,
    "AntiForgeProxy": true,
    "AntiForgePayloads": true,
    "BungeeSpoof": false,
    "AutoReconnectDelay": 5000
  },
  "thealtening": {
    "API-Key": ""
  },
  "liquidchat": {
    "token": ""
  },
  "DonatorCape": {
    "TransferCode": "",
    "CapeEnabled": true
  },
  "Background": {
    "Enabled": true,
    "Particles": false
  },
  "Aimbot": {
    "Range": 4.4,
    "TurnSpeed": 2.0,
    "FOV": 180.0,
    "Center": false,
    "Lock": true,
    "OnClick": false,
    "Jitter": false
  },
  "Ambience": {
    "TimeMode": "Normal",
    "WeatherMode": "None",
    "CustomTime": 1000,
    "ChangeWorldTimeSpeed": 150,
    "WeatherStrength": 1.0
  },
  "Animations": {
    "Mode": "Remix",
    "SmoothSwing": false,
    "FireEffect": true,
    "EveryThingBlock": true,
    "LeftHand": false,
    "FireAlpha": 0.57,
    "ItemPosX": 0.41,
    "ItemPosY": 0.21,
    "ItemPosZ": -1.0,
    "Speed": 12
  },
  "AntiAFK": {
    "Mode": "Random",
    "SwingDelay": 100,
    "RotationDelay": 100,
    "RotationAngle": 1.0,
    "Jump": true,
    "Move": true,
    "Rotate": true,
    "Swing": true
  },
  "AntiBlind": {
    "Confusion": true,
    "Pumpkin": true,
    "Fire": false
  },
  "AntiBot": {
    "Tab": false,
    "TabMode": "Contains",
    "EntityID": false,
    "Color": false,
    "LivingTime": true,
    "LivingTimeTicks": 40,
    "Ground": true,
    "Air": true,
    "InvalidGround": false,
    "Swing": false,
    "Health": false,
    "Derp": true,
    "WasInvisible": false,
    "Armor": false,
    "Ping": false,
    "NeedHit": false,
    "DuplicateInWorld": false,
    "DuplicateInTab": false
  },
  "AntiLagBack": {
    "VL": 5
  },
  "Arrows": {
    "Solid": false,
    "Red": 140,
    "Green": 140,
    "Blue": 255,
    "Alpha": 255
  },
  "AtAllProvider": {
    "MaxDelay": 1000,
    "MinDelay": 500,
    "Retry": false
  },
  "Aura": {
    "MaxCPS": 12,
    "MinCPS": 10,
    "HurtTime": 10,
    "1.9CombatDelay": false,
    "Range": 4.0,
    "ThroughWallsRange": 0.0,
    "DiscoverRange": 4.15,
    "RangeSprintReducement": 0.0,
    "Priority": "Distance",
    "TargetMode": "Single",
    "Swing": "Normal",
    "KeepSprint": true,
    "AutoBlock": "Range",
    "AutoBlockRange": 4.07,
    "AutoBlockPacket": "Vanilla",
    "InteractAutoBlock": true,
    "BlockRate": 100,
    "RayCast": true,
    "RayCastIgnored": false,
    "LivingRayCast": false,
    "AAC": true,
    "MaxTurnSpeed": 180.0,
    "MinTurnSpeed": 180.0,
    "SilentRotation": true,
    "Strafe": "Silent",
    "StrafeOnlyGround": false,
    "RandomCenter": false,
    "Outborder": false,
    "AlwaysHitable": true,
    "FOV": 180.0,
    "Predict": false,
    "MaxPredictSize": 1.0,
    "MinPredictSize": 1.0,
    "FailRate": 0.0,
    "FakeSwing": true,
    "NoInvAttack": false,
    "NoInvDelay": 0,
    "SwitchDelay": 1,
    "LimitedMultiTargets": 0,
    "Mark": "FDP",
    "FakeSharp": false,
    "Circle": true,
    "CircleRed": 255,
    "CircleGreen": 0,
    "CircleBlue": 0,
    "CircleAlpha": 255,
    "CircleAccuracy": 60
  },
  "AutoAbuse": {
    "Delay": 1000
  },
  "AutoArmor": {
    "Delay": 1,
    "Mode": "Basic"
  },
  "AutoBow": {
    "WaitForBowAimbot": true
  },
  "AutoClicker": {
    "MaxCPS": 8,
    "MinCPS": 5,
    "Right": true,
    "Left": true,
    "Jitter": false
  },
  "AutoGG\u0026Play": {
    "GGMessage": "[Lonelines] GG",
    "CheckWinMessage": "Winner",
    "AutoPlay": true,
    "Mode": "Empty",
    "Delay": 3000
  },
  "AutoHeal": {
    "ShouldOnGround": true,
    "Potions": true,
    "Soup": false,
    "JumpPotions": false,
    "RegenPotions": true,
    "SpeedPotions": true,
    "Apples": true,
    "Heads": false,
    "Health": 10,
    "Delay": 5
  },
  "AutoLeave": {
    "Health": 8.0,
    "Mode": "Quit"
  },
  "AutoPot": {
    "Health": 15.0,
    "Delay": 500,
    "OpenInv": false,
    "SimulateInventory": true,
    "GroundDistance": 2.0,
    "Mode": "Normal"
  },
  "AutoRespawn": {
    "Instant": true
  },
  "AutoSoup": {
    "Health": 15.0,
    "Delay": 150,
    "OpenInv": false,
    "SimulateInventory": true,
    "Bowl": "Drop"
  },
  "AutoWeapon": {
    "SpoofItem": false,
    "SpoofTicks": 10
  },
  "Blink": {
    "Pulse": false,
    "PulseDelay": 1000
  },
  "BlockESP": {
    "Mode": "Box",
    "Block": 168,
    "Radius": 40,
    "R": 255,
    "G": 179,
    "B": 72,
    "Rainbow": false
  },
  "BlockOverlay": {
    "R": 68,
    "G": 117,
    "B": 255,
    "Rainbow": false,
    "Info": false
  },
  "BlockWalk": {
    "Cobweb": true,
    "Snow": true
  },
  "BowAimbot": {
    "Silent": true,
    "Predict": true,
    "ThroughWalls": false,
    "PredictSize": 2.0,
    "Priority": "Direction",
    "Mark": true
  },
  "Breadcrumbs": {
    "R": 255,
    "G": 179,
    "B": 72,
    "Rainbow": false,
    "OnlySpeed": false,
    "Size": 1
  },
  "BufferSpeed": {
    "SpeedLimit": true,
    "MaxSpeed": 2.0,
    "Buffer": true,
    "Stairs": true,
    "StairsBoost": 1.87,
    "StairsMode": "New",
    "Slabs": true,
    "SlabsBoost": 1.87,
    "SlabsMode": "New",
    "Ice": false,
    "IceBoost": 1.342,
    "Snow": true,
    "SnowBoost": 1.87,
    "SnowPort": true,
    "Wall": true,
    "WallBoost": 1.87,
    "WallMode": "New",
    "HeadBlock": true,
    "HeadBlockBoost": 1.87,
    "Slime": true,
    "AirStrafe": false,
    "NoHurt": true
  },
  "BugUp": {
    "Mode": "FlyFlag",
    "MaxFallDistance": 10,
    "MaxDistanceToSetback": 2.5,
    "Indicator": true
  },
  "Chams": {
    "Targets": true,
    "Chests": true,
    "Items": true
  },
  "ChatTranslator": {
    "API": "Bing"
  },
  "ChestAura": {
    "Range": 5.0,
    "Delay": 100,
    "ThroughWalls": true,
    "VisualSwing": true,
    "Chest": 54,
    "Rotations": true
  },
  "ChestStealer": {
    "Delay": 150,
    "Silent": true,
    "MenuCheck": true
  },
  "ChinaHat": {
    "Colormode": "Custom",
    "Cylinder-Side": 45,
    "Cylinder-Stacks": 200,
    "Cylinder-Red": 255,
    "Cylinder-Green": 255,
    "Cylinder-Blue": 255,
    "Cylinder-Alpha": 20
  },
  "CivBreak": {
    "Range": 5.0,
    "Rotations": true,
    "VisualSwing": true,
    "Air-Reset": true,
    "Range-Reset": true
  },
  "ClickGUI": {
    "Style": "Slowly",
    "Scale": 0.7,
    "MaxElements": 8,
    "Rainbow": false,
    "R": 0,
    "G": 160,
    "B": 255
  },
  "Clip": {
    "Mode": "Teleport",
    "Horizontal": 0.0,
    "Vertical": 5.0
  },
  "ConsoleSpammer": {
    "Mode": "Payload",
    "Delay": 0
  },
  "Crasher": {
    "Mode": "Book"
  },
  "Criticals": {
    "Mode": "Packet",
    "Delay": 0,
    "HurtTime": 10,
    "AAC5Timer": 0.9
  },
  "Damage": {
    "Mode": "NCP",
    "Damage": 1
  },
  "DamageParticle": {
    "AliveTime": 1000,
    "Size": 3
  },
  "Derp": {
    "Headless": false,
    "Spinny": false,
    "Increment": 1.0
  },
  "Disabler": {
    "Mode": "AAC5Helper",
    "AAC3C0F+": 0,
    "AAC3C0F-": 0,
    "AAC3Y": 0.99,
    "AAC3X": 0.99,
    "AAC3Z": 0.99,
    "AAC3C03": true,
    "AAC3onGround": false,
    "AAC3rotating": false
  },
  "ESP": {
    "Mode": "2D",
    "Outline-Width": 3.0,
    "WireFrame-Width": 2.0,
    "ShaderOutline-Radius": 1.35,
    "ShaderGlow-Radius": 2.3,
    "R": 255,
    "G": 255,
    "B": 255,
    "Rainbow": false,
    "Team": false
  },
  "EnchantEffect": {
    "Color": -1000000,
    "Mode": "Custom",
    "Rainbow": "Normal"
  },
  "FastBow": {
    "Packets": 20
  },
  "FastBreak": {
    "BreakDamage": 0.8
  },
  "FastClimb": {
    "Mode": "Vanilla",
    "Speed": 0.2872
  },
  "FastPlace": {
    "Speed": 0
  },
  "FastStairs": {
    "Mode": "NCP",
    "LongJump": false
  },
  "FastUse": {
    "Mode": "CustomDelay",
    "NoMove": false,
    "CustomDelay": 0,
    "CustomSpeed": 10,
    "CustomTimer": 0.99
  },
  "Fly": {
    "Mode": "Vanilla",
    "VanillaSpeed": 2.0,
    "VanillaKickBypass": false,
    "NCPMotion": 0.0,
    "AAC1.9.10-Speed": 0.3,
    "AAC3.0.5-Fast": true,
    "AAC3.3.12-Motion": 10.0,
    "AAC3.3.13-Motion": 10.0,
    "Hypixel-Boost": true,
    "Hypixel-BoostDelay": 1200,
    "Hypixel-BoostTimer": 1.0,
    "HypixelNew-Speed": 0.5,
    "MineplexSpeed": 1.0,
    "NeruxVace-Ticks": 6,
    "RSCollideSpeed": 15.5,
    "RSCollideBoost": 0.3,
    "RSCollideMaxSpeed": 20.0,
    "RSCollideTimer": 0.8,
    "RSSmoothSpeed": 0.9,
    "RSSmoothChangeSpeed": 0.1,
    "RSSmoothMotion": 0.2,
    "RSSmoothTimer": 0.3,
    "RSSmoothDropoff": 1.0,
    "AAC5.2.0Append": 13,
    "AAC5.2.0FastAppendTimer": 0.4,
    "AAC5.2.0FastMaxTimer": 1.2,
    "RSSmoothDropoffA": true,
    "MotionReset": false,
    "Mark": "Up",
    "FakeDamage": true
  },
  "FreeCam": {
    "Speed": 0.8,
    "Fly": true,
    "NoClip": true
  },
  "Fucker": {
    "Block": 26,
    "ThroughWalls": "None",
    "Range": 5.0,
    "Action": "Destroy",
    "Instant": true,
    "SwitchDelay": 250,
    "Swing": true,
    "Rotations": false,
    "Surroundings": false,
    "NoHit": true
  },
  "Fullbright": {
    "Mode": "Gamma"
  },
  "GhostHand": {
    "Block": 54
  },
  "HUD": {
    "Tags": "Box",
    "LogoMode": "None",
    "NotificationMode": "Sunny",
    "RainbowSpeed": 6.0,
    "Notifications": true,
    "BlackHotbar": false,
    "InventoryParticle": false,
    "Blur": false,
    "FontChat": false,
    "ChatRect": true,
    "ChatCombine": true,
    "ChatAnimation": true,
    "OtherRender": false,
    "RenderArmor": true
  },
  "HackerDetector": {
    "Combat": true,
    "Movement": true,
    "Debug": false,
    "Notify": true,
    "AutoReport": true,
    "VL": 300
  },
  "HighJump": {
    "Height": 2.0,
    "Mode": "Vanilla",
    "OnlyGlassPane": false
  },
  "HitBox": {
    "Size": 0.4
  },
  "IceSpeed": {
    "Mode": "NCP"
  },
  "Ignite": {
    "Lighter": true,
    "Lava": true
  },
  "InMove": {
    "NoDetectable": false,
    "AACAdditionPro": true,
    "NoMoveClicks": false
  },
  "InventoryManager": {
    "MaxBlocks": 512,
    "Delay": 200,
    "GoldenApple": true,
    "OpenInv": false
  },
  "ItemESP": {
    "Mode": "Normal"
  },
  "ItemTeleport": {
    "Mode": "New",
    "ResetAfterTP": true,
    "Button": "Middle"
  },
  "KeepAlive": {
    "Mode": "/heal"
  },
  "Kick": {
    "Mode": "Quit"
  },
  "LagBackCheck": {
    "HighJump": true,
    "LongJump": true,
    "Speed": true,
    "Fly": true,
    "TPAura": true,
    "AutoRe-Enable": true,
    "AutoRe-Enable-Delay": 1000
  },
  "LiquidChat": {
    "JWT": false
  },
  "LiquidWalk": {
    "Mode": "NCP",
    "NoJump": false,
    "AACFlyMotion": 0.5
  },
  "LongJump": {
    "Mode": "NCP",
    "NCPBoost": 4.25,
    "AutoJump": false
  },
  "ModuleInfo": {
    "X": 650.0,
    "Y": 2.0
  },
  "NameProtect": {
    "FakeName": "\u0026cMe",
    "AllPlayers": false,
    "SkinProtect": true
  },
  "NameTags": {
    "Mode": "Liquid",
    "Health": true,
    "Ping": true,
    "Distance": false,
    "Armor": true,
    "ClearNames": true,
    "Font": {
      "fontName": "Minecraft Font",
      "fontSize": -1
    },
    "Border": false,
    "Hacker": false,
    "JelloHPColor": false,
    "JelloAlpha": 170,
    "Scale": 3.31
  },
  "NoFOV": {
    "FOV": 1.21
  },
  "NoFall": {
    "Mode": "SpoofGround",
    "PhaseOffset": 1
  },
  "NoPitchLimit": {
    "ServerSide": true
  },
  "NoRotateSet": {
    "Confirm": true,
    "ConfirmIllegalRotation": false,
    "NoZero": false
  },
  "NoSlow": {
    "Mode": "AAC5",
    "BlockForwardMultiplier": 1.0,
    "BlockStrafeMultiplier": 1.0,
    "ConsumeForwardMultiplier": 1.0,
    "ConsumeStrafeMultiplier": 1.0,
    "BowForwardMultiplier": 1.0,
    "BowStrafeMultiplier": 1.0,
    "Soulsand": true
  },
  "NoSlowBreak": {
    "Air": true,
    "Water": false
  },
  "NoSwing": {
    "ServerSide": true
  },
  "NoWeb": {
    "Mode": "None"
  },
  "Nuker": {
    "Radius": 5.2,
    "ThroughWalls": false,
    "Priority": "Distance",
    "Rotations": true,
    "Layer": false,
    "HitDelay": 4,
    "Nuke": 1,
    "NukeDelay": 1
  },
  "Phase": {
    "Mode": "Vanilla"
  },
  "PingSpoof": {
    "MaxDelay": 1000,
    "MinDelay": 500
  },
  "PlayerFace": {
    "Mode": "Yaoer"
  },
  "Projectiles": {
    "Color": "BowPower",
    "R": 0,
    "G": 160,
    "B": 255
  },
  "ProphuntESP": {
    "R": 0,
    "G": 90,
    "B": 255,
    "Rainbow": false
  },
  "Reach": {
    "CombatReach": 3.5,
    "BuildReach": 5.0
  },
  "Regen": {
    "Mode": "Vanilla",
    "Health": 18,
    "Food": 18,
    "Speed": 100,
    "NoAir": false,
    "PotionEffect": false
  },
  "ReverseStep": {
    "Motion": 1.0
  },
  "Rotations": {
    "Head": true,
    "Body": true
  },
  "SafeWalk": {
    "AirSafe": false
  },
  "Scaffold": {
    "Mode": "Expand",
    "MaxDelay": 0,
    "MinDelay": 0,
    "PlaceableDelay": true,
    "AutoBlock": "Spoof",
    "Sprint": true,
    "Swing": true,
    "Search": true,
    "Down": false,
    "PlaceTiming": "Pre",
    "Eagle": false,
    "EagleSilent": true,
    "BlocksToEagle": 0,
    "ExpandLength": 1,
    "Rotations": "AAC",
    "Rotation": true,
    "HypixelYaw": 180,
    "HypixelPitch": 79,
    "AACPitch": 79,
    "AACSmartPitch": false,
    "AACYaw": 0,
    "KeepRotationLength": 10,
    "Zitter": false,
    "ZitterMode": "Teleport",
    "ZitterSpeed": 0.13,
    "ZitterStrength": 0.072,
    "MaxTimer": 1.0,
    "MinTimer": 1.0,
    "SpeedModifier": 0.85,
    "SameY": false,
    "SafeWalk": true,
    "AirSafe": false,
    "R": 255,
    "G": 8,
    "B": 255,
    "Outline-Width": 3.97,
    "Mark": true,
    "Tower": false,
    "Debug": true,
    "MaxTurnSpeed": 132.68,
    "MinTurnSpeed": 124.45
  },
  "SkinDerp": {
    "Delay": 0,
    "Hat": true,
    "Jacket": true,
    "LeftPants": true,
    "RightPants": true,
    "LeftSleeve": true,
    "RightSleeve": true
  },
  "SlimeJump": {
    "Motion": 0.42,
    "Mode": "Add"
  },
  "Sneak": {
    "Mode": "MineSecure",
    "StopMove": false
  },
  "Spammer": {
    "MaxDelay": 1000,
    "MinDelay": 500,
    "Message": "LiquidBounce Client | liquidbounce(.net) | CCBlueX on yt",
    "Custom": false
  },
  "Speed": {
    "Mode": "NCPBHop",
    "CustomSpeed": 1.6,
    "CustomY": 0.0,
    "CustomTimer": 1.0,
    "CustomStrafe": true,
    "CustomResetXZ": false,
    "CustomResetY": false,
    "AAC-PortLength": 1.0,
    "AACGround-Timer": 3.0,
    "CubeCraft-PortLength": 1.0,
    "MineplexGround-Speed": 0.5
  },
  "Sprint": {
    "AllDirections": false,
    "Blindness": false,
    "Food": false,
    "CheckServerSide": false,
    "CheckServerSideOnlyGround": false
  },
  "Step": {
    "Mode": "NCP",
    "Height": 1.0,
    "JumpHeight": 0.42,
    "Delay": 0
  },
  "StorageESP": {
    "Mode": "Outline",
    "Chest": true,
    "EnderChest": true,
    "Furnace": true,
    "Dispenser": true,
    "Hopper": true
  },
  "SuperKnockback": {
    "HurtTime": 10,
    "Mode": "Vanilla",
    "OnlyMove": true,
    "OnlyGround": false,
    "Delay": 0
  },
  "TNTBlock": {
    "Fuse": 10,
    "Range": 9.0,
    "AutoSword": true
  },
  "TPAura": {
    "Range": 30.0,
    "Players": true,
    "Other": true,
    "Teams": true,
    "Invisibles": true,
    "ESP": true,
    "PathESP": true,
    "CPS": 7,
    "MaxTargets": 3
  },
  "TPBed": {
    "Delay": 500
  },
  "TargetHUD2": {
    "Mode": "Astro"
  },
  "TargetInfo": {
    "Mode": "Exhibition",
    "AlwaysShow": true,
    "Optimisations": true,
    "MustAttack": true,
    "ColorBreathing": true,
    "NameUsesComplementaryColor": true,
    "AnimationSpeed": 1.4,
    "ComplementaryColor": "Green",
    "X": 70,
    "Y": 80,
    "Black": true
  },
  "Teams": {
    "ScoreboardTeam": true,
    "Color": true,
    "GommeSW": false,
    "ArmorColor": false
  },
  "Teleport": {
    "IgnoreNoCollision": true,
    "Mode": "Blink",
    "Button": "Middle"
  },
  "Timer": {
    "Speed": 2.0,
    "OnMove": true
  },
  "Tower": {
    "Mode": "Motion",
    "AutoBlock": true,
    "StayAutoBlock": false,
    "Swing": true,
    "StopWhenBlockAbove": false,
    "Rotations": true,
    "KeepRotation": false,
    "OnJump": false,
    "PlaceTiming": "Post",
    "Timer": 1.0,
    "JumpMotion": 0.42,
    "JumpDelay": 0,
    "ConstantMotion": 0.42,
    "ConstantMotionJumpGround": 0.79,
    "TeleportHeight": 1.15,
    "TeleportDelay": 0,
    "TeleportGround": true,
    "TeleportNoMotion": false,
    "Counter": true
  },
  "Tracers": {
    "Color": "Custom",
    "Thickness": 2.0,
    "R": 0,
    "G": 160,
    "B": 255
  },
  "Trigger": {
    "MaxCPS": 8,
    "MinCPS": 5
  },
  "TrueSight": {
    "Barriers": true,
    "Entities": true
  },
  "Velocity": {
    "Horizontal": 0.0,
    "Vertical": 0.0,
    "Mode": "Normal",
    "ReverseStrength": 1.0,
    "SmoothReverseStrength": 0.05,
    "AACPushXZReducer": 2.0,
    "AACPushYReducer": true,
    "PhaseHeight": 0.5,
    "PhaseOnlyGround": true
  },
  "WallClimb": {
    "Mode": "Simple",
    "ClipMode": "Fast",
    "CheckerClimbMotion": 0.0
  },
  "WaterSpeed": {
    "Speed": 1.2
  },
  "Zoot": {
    "BadEffects": true,
    "Fire": true,
    "NoAir": false
  }
}
