[
  {
    "Type": "Scoreboard",
    "X": 5.0,
    "Y": 0.0,
    "Scale": 1.0,
    "HorizontalFacing": "Right",
    "VerticalFacing": "Middle",
    "Text-R": 255,
    "Text-G": 255,
    "Text-B": 255,
    "Background-R": 0,
    "Background-G": 0,
    "Background-B": 0,
    "Background-Alpha": 95,
    "Rect": false,
    "Rect-Color": "Custom",
    "Rect-R": 0,
    "Rect-G": 111,
    "Rect-B": 255,
    "Rect-Alpha": 255,
    "Shadow": false,
    "Font": {
      "fontName": "Minecraft Font",
      "fontSize": -1
    }
  },
  {
    "Type": "Armor",
    "X": -8.0,
    "Y": 57.0,
    "Scale": 1.0,
    "HorizontalFacing": "Middle",
    "VerticalFacing": "Down",
    "Alignment": "Horizontal"
  },
  {
    "Type": "Effects",
    "X": 2.0,
    "Y": 10.0,
    "Scale": 1.0,
    "HorizontalFacing": "Right",
    "VerticalFacing": "Down",
    "Font": {
      "fontName": "Roboto Medium",
      "fontSize": 35
    },
    "Shadow": true
  },
  {
    "Type": "Text",
    "X": 1710.0,
    "Y": 10.0,
    "Scale": 1.0,
    "HorizontalFacing": "Right",
    "VerticalFacing": "Up",
    "DisplayText": "Bai shui",
    "Red": 195,
    "Green": 0,
    "Blue": 255,
    "Rainbow": true,
    "Rainbow-X": -536.5853,
    "Rainbow-Y": 878.0488,
    "Shadow": true,
    "Outline": false,
    "Rect": false,
    "OneTapRect": true,
    "SkeetRect": false,
    "OnlyWhtie": false,
    "Font": {
      "fontName": "Roboto Bold",
      "fontSize": 180
    }
  },
  {
    "Type": "Notifications",
    "X": 0.0,
    "Y": 30.0,
    "Scale": 1.0,
    "HorizontalFacing": "Right",
    "VerticalFacing": "Down"
  },
  {
    "Type": "Armor",
    "X": -8.0,
    "Y": 58.0,
    "Scale": 1.0,
    "HorizontalFacing": "Middle",
    "VerticalFacing": "Down",
    "Alignment": "Horizontal"
  },
  {
    "Type": "Arraylist",
    "X": -37.29412841796875,
    "Y": -0.1578826904296875,
    "Scale": 0.95,
    "HorizontalFacing": "Right",
    "VerticalFacing": "Up",
    "BRainbowSpeed": 90,
    "BRainbow-Saturation": 1.0,
    "BRainbow-Brightness": 1.0,
    "BRainbow-R": 0,
    "BRainbow-B": 0,
    "BRainbow-G": 0,
    "Rainbow-X": -1000.0,
    "Rainbow-Y": -1000.0,
    "Text-Color": "OtherRainbow",
    "Text-R": 255,
    "Text-G": 0,
    "Text-B": 0,
    "TwoRainbow": 1.0,
    "Rect-Color": "Bainbow",
    "Rect-R": 135,
    "Rect-G": 0,
    "Rect-B": 0,
    "Rect-Alpha": 255,
    "Random-Saturation": 0.9,
    "Random-Brightness": 1.0,
    "Tags": true,
    "ShadowText": true,
    "Background-Color": "Bainbow",
    "Background-R": 132,
    "Background-G": 124,
    "Background-B": 231,
    "Background-Alpha": 255,
    "BackGroundWidth": 13,
    "Rect": "Outline",
    "UpperCase": true,
    "Space": 0.5729167,
    "TextHeight": 11.885417,
    "TextY": 1.875,
    "TagsArrayColor": true,
    "NameBreak": true,
    "Font": {
      "fontName": "Roboto Medium",
      "fontSize": 35
    }
  }
]
