[
  {
    "Type": "Scoreboard",
    "X": 5.0,
    "Y": 0.0,
    "Scale": 1.0,
    "HorizontalFacing": "Right",
    "VerticalFacing": "Middle",
    "Text-R": 255,
    "Text-G": 255,
    "Text-B": 255,
    "Background-R": 0,
    "Background-G": 0,
    "Background-B": 0,
    "Background-Alpha": 95,
    "Rect": false,
    "Rect-Color": "Custom",
    "Rect-R": 0,
    "Rect-G": 111,
    "Rect-B": 255,
    "Rect-Alpha": 255,
    "Shadow": false,
    "ServerIp": "CrazySense",
    "NoPoints": false,
    "Font": {
      "fontName": "Minecraft Font",
      "fontSize": -1
    }
  },
  {
    "Type": "Armor",
    "X": -8.0,
    "Y": 57.0,
    "Scale": 0.95,
    "HorizontalFacing": "Middle",
    "VerticalFacing": "Down",
    "Alignment": "Horizontal"
  },
  {
    "Type": "Effects",
    "X": 2.0,
    "Y": 10.0,
    "Scale": 1.0,
    "HorizontalFacing": "Right",
    "VerticalFacing": "Down",
    "Font": {
      "fontName": "Roboto Medium",
      "fontSize": 35
    },
    "Shadow": true
  },
  {
    "Type": "Notifications",
    "X": 0.0,
    "Y": 30.0,
    "Scale": 1.0,
    "HorizontalFacing": "Right",
    "VerticalFacing": "Down",
    "BackGroundAlpha": 170
  },
  {
    "Type": "Arraylist",
    "X": 1.0,
    "Y": 2.0,
    "Scale": 1.0,
    "HorizontalFacing": "Right",
    "VerticalFacing": "Up",
    "Color": "CRainbow",
    "Blur": false,
    "Blur-Strength": 0.0,
    "Red": 0,
    "Green": 111,
    "Blue": 255,
    "Alpha": 255,
    "Saturation": 0.9,
    "Brightness": 1.0,
    "Sky-Distance": 2,
    "CRainbow-Seconds": 2,
    "CRainbow-Distance": 2,
    "Mixer-Seconds": 2,
    "Mixer-Distance": 2,
    "LiquidSlowly-Distance": 90,
    "Fade-Distance": 50,
    "CustomRainbow-Distance": 50,
    "HorizontalAnimation": "Default",
    "VerticalAnimation": "None",
    "Animation-Speed": 0.25,
    "NameBreak": true,
    "Alphabetical-Order": false,
    "Tags": true,
    "TagsStyle": "-",
    "ShadowText": true,
    "Background-R": 0,
    "Background-G": 0,
    "Background-B": 0,
    "Background-Alpha": 0,
    "Rect-Right": "None",
    "Rect-Left": "None",
    "LowerCase": false,
    "Space": 0.0,
    "TextHeight": 11.0,
    "TextY": 1.0,
    "TagsArrayColor": false,
    "Font": {
      "fontName": "Roboto Medium",
      "fontSize": 40
    }
  },
  {
    "Type": "Text",
    "X": 10.0,
    "Y": 10.0,
    "Scale": 1.0,
    "HorizontalFacing": "Left",
    "VerticalFacing": "Up",
    "DisplayText": "Porint",
    "Red": 255,
    "Green": 255,
    "Blue": 255,
    "Text-Color": "Custom",
    "Rainbow-X": -1000.0,
    "Rainbow-Y": -1000.0,
    "Animation": false,
    "AnimationDelay": 0.33,
    "AstolfoRainbowOffset": 5,
    "AstolfoRainbowIndex": 109,
    "Slide": true,
    "SlideDelay": 1000,
    "Shadow": false,
    "Rect": false,
    "BordAlpha": 0,
    "Border-Mode": "Slide",
    "orangeText": false,
    "Font": {
      "fontName": "jello",
      "fontSize": 120
    },
    "UpBorderRed": 80,
    "UpBorderGreen": 207,
    "UpBorderBlue": 23,
    "UpBorderAlpha": 60
  },
  {
    "Type": "Inventory",
    "X": -9.0,
    "Y": 43.0,
    "Scale": 1.0,
    "HorizontalFacing": "Left",
    "VerticalFacing": "Up",
    "Background": "Shadow",
    "Brightness": 1.0,
    "Text-R": 255,
    "Text-G": 255,
    "Text-B": 255,
    "Text-R2": 0,
    "Text-G2": 111,
    "Text-B2": 255,
    "GidentSpeed": 100,
    "NewRainbowOffset": 1,
    "AstolfoOffset": 5,
    "AstolfoRange": 109,
    "AstolfoIndex": 109,
    "Saturation": 0.9,
    "Text-Color": "Custom",
    "Distance": 0,
    "Gradient-Amount": 25,
    "Shadow": true
  },
  {
    "Type": "Target",
    "X": 480.0,
    "Y": 258.0,
    "Scale": 1.0,
    "HorizontalFacing": "Left",
    "VerticalFacing": "Up",
    "Style": "LiquidBounce+",
    "FadeSpeed": 9.0,
    "Blur": false,
    "Blur-Strength": 0.0,
    "TSlide-Animation": true,
    "DisplayWhenChat": true,
    "Rise-Shadow": true,
    "Rise-Shadow-Legacy": true,
    "Rise-Shadow-Strength": 4,
    "Rise-Particle": true,
    "Rise-Particle-Fade": true,
    "Rise-Gradient-Amount": 4,
    "Rise-Distance": 50,
    "Rise-ParticleSpeed": 0.05,
    "Exhi-Font": {
      "fontName": "SFUI Regular",
      "fontSize": 35
    },
    "Color": "Custom",
    "Red": 252,
    "Green": 0,
    "Blue": 0,
    "Saturation": 1.0,
    "Brightness": 1.0,
    "Seconds": 2,
    "Background-Red": 0,
    "Background-Green": 0,
    "Background-Blue": 0,
    "Background-Alpha": 160,
    "Liquid-Border-Red": 0,
    "Liquid-Border-Green": 0,
    "Liquid-Border-Blue": 0,
    "Liquid-Border-Alpha": 0
  }
]
