{
  "CommandPrefix": ".",
  "targets": {
    "TargetPlayer": true,
    "TargetMobs": false,
    "TargetAnimals": false,
    "TargetInvisible": false,
    "TargetDead": false
  },
  "features": {
    "AntiForge": true,
    "AntiForgeFML": true,
    "AntiForgeProxy": true,
    "AntiForgePayloads": true,
    "BungeeSpoof": false,
    "AutoReconnectDelay": 5000
  },
  "thealtening": {
    "API-Key": ""
  },
  "liquidchat": {
    "token": ""
  },
  "DonatorCape": {
    "TransferCode": "",
    "CapeEnabled": true
  },
  "Background": {
    "Enabled": true,
    "Particles": false
  },
  "Aimbot": {
    "Range": 4.4,
    "TurnSpeed": 2.0,
    "FOV": 180.0,
    "Center": false,
    "Lock": true,
    "OnClick": false,
    "Jitter": false
  },
  "Ambience": {
    "TimeMode": "Normal",
    "WeatherMode": "None",
    "CustomTime": 1000,
    "ChangeWorldTimeSpeed": 150,
    "WeatherStrength": 1.0
  },
  "Animations": {
    "PresetAnimationSword": "Slide",
    "TransformFirstPersonRotate": "Rotate1",
    "DoBlockTransformationsRotate": "None",
    "SwingMethod": "Default",
    "NoSwingMode": "Default",
    "ItemPosX": 0.0,
    "ItemPosY": 0.0,
    "ItemPosZ": 0.0,
    "Scale": 0.4,
    "BlockPosX": 0.0,
    "BlockPosY": 0.0,
    "BlockPosZ": 0.0,
    "CustomRotate1": 0,
    "CustomRotate2": 0,
    "CustomRotate3": 0,
    "RotateItems": false,
    "SpeedRotate": 1.0,
    "SpeedSwing": 4,
    "MCSwordPos": 0.45,
    "FakeBlock": false,
    "Bobbing": 0.3,
    "BlockEverything": false,
    "Container-Animation": "None"
  },
  "AntiAFK": {
    "Mode": "Random",
    "SwingDelay": 100,
    "RotationDelay": 100,
    "RotationAngle": 1.0,
    "Jump": true,
    "Move": true,
    "Rotate": true,
    "Swing": true
  },
  "AntiBlind": {
    "Confusion": true,
    "Pumpkin": true,
    "Fire": false
  },
  "AntiBot": {
    "Tab": true,
    "TabMode": "Contains",
    "EntityID": true,
    "Color": false,
    "LivingTime": false,
    "LivingTimeTicks": 40,
    "Ground": true,
    "Air": false,
    "InvalidGround": true,
    "Swing": false,
    "Health": false,
    "Derp": true,
    "WasInvisible": false,
    "Armor": false,
    "Ping": false,
    "NeedHit": false,
    "DuplicateInWorld": false,
    "DuplicateInTab": false
  },
  "AntiStaff": {
    "Server": "BlocksMC",
    "Notification": true,
    "SendChatMessage": false,
    "Message": "%staff% was detected as a staff member!",
    "Leave": true,
    "LeaveCommand": "/hub"
  },
  "AntiVanish": {
    "Notification-Seconds": 2
  },
  "AntiVoid": {
    "Mode": "Blink",
    "Hypixel-PullbackTime": 800.0,
    "MaxFallDistance": 10.0,
    "ResetMotion": false,
    "BlinkStartFallDistance": 2.0,
    "BlinkAutoScaffold": true,
    "OnlyVoid": true
  },
  "AsianHat": {
    "Color": "Custom",
    "Red": 255,
    "Green": 255,
    "Blue": 255,
    "Alpha": 255,
    "EndAlpha": 255,
    "Saturation": 1.0,
    "Brightness": 1.0,
    "Seconds": 2,
    "Color-Space": 0,
    "NoFirstPerson": true,
    "HatBorder": true,
    "BorderAlpha": 255,
    "BorderWidth": 1.0
  },
  "AtAllProvider": {
    "MaxDelay": 1000,
    "MinDelay": 500,
    "Retry": false
  },
  "AttackEffects": {
    "Amount": 5,
    "Sound": true,
    "LightingSound": true,
    "Mode": "Blood"
  },
  "AuthBypass": {
    "Delay": 1500
  },
  "AutoArmor": {
    "MaxDelay": 200,
    "MinDelay": 100,
    "InvOpen": false,
    "SimulateInventory": true,
    "NoMove": false,
    "ItemDelay": 0,
    "Hotbar": true
  },
  "AutoBow": {
    "WaitForBowAimbot": true
  },
  "AutoClicker": {
    "MaxCPS": 8,
    "MinCPS": 5,
    "Right": true,
    "Left": true,
    "Jitter": false
  },
  "AutoGG": {
    "Mode": "HuaYuTing",
    "Liquidbounce": "[Liquidbounce]GG"
  },
  "AutoL": {
    "Vocabulary": "HYT",
    "Delay": 2000,
    "Shout": true,
    "ShoutCommand": "/shout",
    "Prefix": true
  },
  "AutoLeave": {
    "Health": 8.0,
    "Mode": "Quit"
  },
  "AutoLobby": {
    "HUBMode": "None",
    "Health": 5.0,
    "LobbyCommand": "/hub",
    "LobbyChat": true,
    "LobbyChatText": "[CrazySense] Bye~",
    "AutoDisable": true
  },
  "AutoLobby1": {
    "Health": 5.0,
    "Text": "/hub",
    "AutoDisable Speed Killaura Velocity CookieVelocity": true
  },
  "AutoPlay": {
    "Server": "RedeSky",
    "JoinDelay": 3
  },
  "AutoPot": {
    "Health": 15.0,
    "Delay": 500,
    "OpenInv": false,
    "SimulateInventory": true,
    "GroundDistance": 2.0,
    "Mode": "Normal"
  },
  "AutoRespawn": {
    "Instant": true
  },
  "AutoSoup": {
    "Health": 15.0,
    "Delay": 150,
    "OpenInv": false,
    "SimulateInventory": true,
    "Bowl": "Drop"
  },
  "AutoWeapon": {
    "SpoofItem": false,
    "SpoofTicks": 10
  },
  "BanChecker": {
    "Alert": true,
    "ServerCheck": true,
    "Alert-Time": 10
  },
  "Blink": {
    "Pulse": false,
    "PulseDelay": 1000
  },
  "BlockESP": {
    "Mode": "Box",
    "Block": 168,
    "Radius": 40,
    "R": 255,
    "G": 179,
    "B": 72,
    "Rainbow": false
  },
  "BlockOverlay": {
    "R": 68,
    "G": 117,
    "B": 255,
    "Rainbow": false,
    "Info": false
  },
  "BlockWalk": {
    "Cobweb": true,
    "Snow": true
  },
  "BowAimbot": {
    "Silent": true,
    "Predict": true,
    "ThroughWalls": false,
    "PredictSize": 2.0,
    "Priority": "Direction",
    "Mark": true
  },
  "Breadcrumbs": {
    "R": 255,
    "G": 179,
    "B": 72,
    "Rainbow": false
  },
  "BufferSpeed": {
    "SpeedLimit": true,
    "MaxSpeed": 2.0,
    "Buffer": true,
    "Stairs": true,
    "StairsBoost": 1.87,
    "StairsMode": "New",
    "Slabs": true,
    "SlabsBoost": 1.87,
    "SlabsMode": "New",
    "Ice": false,
    "IceBoost": 1.342,
    "Snow": true,
    "SnowBoost": 1.87,
    "SnowPort": true,
    "Wall": true,
    "WallBoost": 1.87,
    "WallMode": "New",
    "HeadBlock": true,
    "HeadBlockBoost": 1.87,
    "Slime": true,
    "AirStrafe": false,
    "NoHurt": true
  },
  "BugUp": {
    "Mode": "FlyFlag",
    "MaxFallDistance": 10,
    "MaxDistanceToSetback": 2.5,
    "Indicator": true
  },
  "CSGO": {
    "YawMove": "Spin",
    "PitchMode": "Down",
    "SilentRotate": true
  },
  "Cape": {
    "Style": "Dark"
  },
  "Chams": {
    "Targets": true,
    "Chests": true,
    "Items": true
  },
  "ChestAura": {
    "Range": 5.0,
    "Delay": 100,
    "ThroughWalls": true,
    "VisualSwing": true,
    "Chest": 54,
    "Rotations": true
  },
  "ChestStealer": {
    "MaxDelay": 200,
    "MinDelay": 150,
    "OnEvent": "Render3D",
    "TakeRandomized": false,
    "OnlyItems": false,
    "NoCompass": false,
    "AutoClose": true,
    "SilentMode": true,
    "Silent-ShowString": false,
    "Silent-StillDisplay": false,
    "AutoCloseMaxDelay": 0,
    "AutoCloseMinDelay": 0,
    "CloseOnFull": true,
    "ChestTitle": false
  },
  "CivBreak": {
    "Range": 5.0,
    "Rotations": true,
    "VisualSwing": true,
    "Air-Reset": true,
    "Range-Reset": true
  },
  "ClickGUI": {
    "Style": "HDebug",
    "Scale": 0.97,
    "MaxElements": 15,
    "Color": "Custom",
    "Red": 89,
    "Green": 160,
    "Blue": 255,
    "Saturation": 1.0,
    "Brightness": 1.0,
    "Seconds": 2,
    "Background": "Default",
    "Animation": "Azura"
  },
  "Clip": {
    "Mode": "Teleport",
    "Horizontal": 0.0,
    "Vertical": 5.0
  },
  "ConsoleSpammer": {
    "Mode": "Payload",
    "Delay": 0
  },
  "Critcals": {
    "Mode": "vulcanfake",
    "MotionMode": "Jump",
    "Delay": 50,
    "HurtTime": 10,
    "SendC06": true,
    "CriticalMessage": false,
    "DebugDelay": 1000
  },
  "Damage": {
    "Mode": "NCP",
    "Damage": 1
  },
  "DamageParticle": {
    "AliveTicks": 20,
    "Size": 3,
    "Red": 68,
    "Green": 117,
    "Blue": 255,
    "Alpha": 100,
    "Rainbow": false
  },
  "Derp": {
    "Headless": false,
    "Spinny": false,
    "Increment": 1.0
  },
  "DisablerPlus": {
    "Mode": "AAC5Helper",
    "AAC3C0F+": 0,
    "AAC3C0F-": 0,
    "AAC3Y": 0.99,
    "AAC3X": 0.99,
    "AAC3Z": 0.99,
    "AAC3C03": true,
    "AAC3onGround": false,
    "AAC3rotating": false
  },
  "DisablerPro": {
    "Mode": "Basic",
    "PingSpoof-MinDelay": 0,
    "PingSpoof-MaxDelay": 0,
    "PingSpoof-StartSendMode": "All",
    "PingSpoof-SendMode": "All",
    "PingSpoof-WorldDelay": 15000,
    "Flag-Mode": "Edit",
    "Flag-TickDelay": 25,
    "Flag-SilentMode": true,
    "Matrix-NoModuleCheck": false,
    "Matrix-MoveFix": true,
    "Matrix-MoveOnly": false,
    "Matrix-NoMovePacket": true,
    "Matrix-HotbarChange": true,
    "Verus-SlientFlagApply": false,
    "Verus-QueueActiveSize": 300,
    "Verus-PurseDelay": 490,
    "Verus-FlagDelay": 40,
    "Verus-QueueCheck": true,
    "Verus-AntiFly": true,
    "Render-ServerSide": false,
    "Debug": false
  },
  "DisablerX": {
    "Mode": "BlocksMC",
    "Vulcan-BufferSize": 8,
    "OldMatrixWithAAC5": false,
    "FakeLagBlock": true,
    "FakeLagPosition": true,
    "FakeLagAttack": true,
    "FakeLagC03Spoof": false,
    "LagDelay": 0,
    "LagDuration": 200,
    "BlocksMCLobbyCheck": true,
    "VerusSlientFlagApply": false,
    "VerusBufferSize": 300,
    "Verus-RepeatTimesFighting": 1,
    "Verus-RepeatTimes": 1,
    "Verus-FlagDelay": 40,
    "Matrix-NoModuleCheck": false,
    "Matrix-MoveFix": true,
    "Matrix-NoMovePacket": true,
    "Render-ServerSide": false,
    "BanAlert": false,
    "RotationModifier": false,
    "Tifality": false,
    "NoC03s": true,
    "PingSpoof": true,
    "Delay": 400,
    "InvValidate": false,
    "newHypixel-WatchDog Disabler": false,
    "Flag-Mode": "Edit",
    "Flag-TickDelay": 25,
    "Flag-SilentMode": true,
    "Debug": false
  },
  "ESP": {
    "Mode": "2D",
    "Outline-Width": 3.0,
    "WireFrame-Width": 2.0,
    "ShaderOutline-Radius": 1.35,
    "ShaderGlow-Radius": 2.3,
    "Color": 7330047,
    "Rainbow": false,
    "Team": true,
    "Health": true
  },
  "EnchantEffect": {
    "Red": 255,
    "Green": 0,
    "Blue": 0,
    "Mode": "Custom"
  },
  "FastBow": {
    "Packets": 20
  },
  "FastBreak": {
    "BreakDamage": 0.8
  },
  "FastClimb": {
    "Mode": "Vanilla",
    "Speed": 0.2872
  },
  "FastPlace": {
    "Speed": 0
  },
  "FastStairs": {
    "Mode": "NCP",
    "LongJump": false
  },
  "FastUse": {
    "Mode": "NCP",
    "NoMove": false,
    "CustomDelay": 0,
    "CustomSpeed": 2,
    "CustomTimer": 1.1
  },
  "Fly": {
    "Mode": "Vanilla",
    "VanillaSpeed": 2.0,
    "VanillaKickBypass": false,
    "NCPMotion": 0.0,
    "AAC1.9.10-Speed": 0.3,
    "AAC3.0.5-Fast": true,
    "AAC3.3.12-Motion": 10.0,
    "AAC3.3.13-Motion": 10.0,
    "Hypixel-Boost": true,
    "Hypixel-BoostDelay": 1200,
    "Hypixel-BoostTimer": 1.0,
    "MineplexSpeed": 1.0,
    "NeruxVace-Ticks": 6,
    "Mark": true
  },
  "FlyHelper": {
    "Mode": "Vanilla",
    "UpMode": "None",
    "SpeedValue": 1.1,
    "UpMotionY": 0.4,
    "UpTpY": 2.0,
    "TargetStrafe": false
  },
  "FreeCam": {
    "Speed": 0.8,
    "Fly": true,
    "NoClip": true
  },
  "Fucker": {
    "Block": 26,
    "ThroughWalls": "None",
    "Range": 5.0,
    "Action": "Destroy",
    "Instant": false,
    "SwitchDelay": 250,
    "Swing": true,
    "Rotations": true,
    "Surroundings": true,
    "NoHit": false
  },
  "Fullbright": {
    "Mode": "Gamma"
  },
  "Gapple": {
    "Mode": "Head",
    "Health": 16.0,
    "Delay": 10000,
    "NoAbsorption": true
  },
  "GhostHand": {
    "Block": 54
  },
  "GuiMove": {
    "NoDetectable": false,
    "Bypass": "None",
    "Rotate": true,
    "NoMoveClicks": false,
    "NewNCP": true,
    "NoSprint": "None"
  },
  "HUD": {
    "AnimationDelay": 1.0,
    "LogoMode": "None",
    "RainbowSpeed": 6.0,
    "BlackHotbar": true,
    "InventoryParticle": false,
    "Blur": false,
    "FontChat": false,
    "ChatRect": true,
    "ChatCombine": true,
    "Container-Background": false,
    "ChatAnimation": true,
    "OtherRender": true,
    "RenderArmor": true
  },
  "HighJump": {
    "Height": 2.0,
    "Mode": "Vanilla",
    "OnlyGlassPane": false
  },
  "HitBox": {
    "Size": 0.4
  },
  "HypixelSetting": {
    "Delay": 0,
    "Auto-GG": true,
    "Anti-Atlas": true,
    "CheckGameMode": true,
    "Render": true,
    "Mode": "Solo",
    "Solo/Teams-Mode": "Insane",
    "Mega-Mode": "Normal"
  },
  "IceSpeed": {
    "Mode": "NCP"
  },
  "Ignite": {
    "Lighter": true,
    "Lava": true
  },
  "InventoryCleaner": {
    "MaxDelay": 600,
    "MinDelay": 400,
    "InvOpen": false,
    "SimulateInventory": true,
    "NoMove": false,
    "IgnoreVehicles": false,
    "Hotbar": true,
    "RandomSlot": false,
    "Sort": true,
    "ItemDelay": 0,
    "SortSlot-1": "Sword",
    "SortSlot-2": "Bow",
    "SortSlot-3": "Pickaxe",
    "SortSlot-4": "Axe",
    "SortSlot-5": "None",
    "SortSlot-6": "None",
    "SortSlot-7": "Food",
    "SortSlot-8": "Block",
    "SortSlot-9": "Block"
  },
  "ItemESP": {
    "Mode": "Box",
    "R": 0,
    "G": 255,
    "B": 0,
    "Rainbow": true
  },
  "ItemTeleport": {
    "Mode": "New",
    "ResetAfterTP": true,
    "Button": "Middle"
  },
  "JelloArraylist": {
    "Use-TrueFont": true,
    "Animate-Speed": 5
  },
  "KeepAlive": {
    "Mode": "/heal"
  },
  "KeepArmor": {
    "Health": 5,
    "LobbyValue": "/hub"
  },
  "Kick": {
    "Mode": "Quit"
  },
  "KillAura": {
    "MaxCPS": 12,
    "MinCPS": 10,
    "HurtTime": 10,
    "1.9CombatDelay": false,
    "Range": 3.5,
    "ThroughWallsRange": 0.49,
    "DiscoverRange": 3.5,
    "RangeSprintReducement": 0.0,
    "Priority": "Distance",
    "TargetMode": "Single",
    "LockLocation": "Head",
    "CustomSmooth": 2.0,
    "RotationReverse": false,
    "RotationReverseTick": 5,
    "KeepDirection": true,
    "KeepDirectionTick": 15,
    "SmoothMode": "Custom",
    "RotationMode": "LiquidBounce",
    "Swing": "Normal",
    "KeepSprint": true,
    "LightningBolt": true,
    "AutoBlock": "Fake",
    "VerusAutoBlock": false,
    "AutoBlockRange": 3.5,
    "AutoBlockPacket": "AfterAttack",
    "InteractAutoBlock": false,
    "BlockRate": 100,
    "RayCast": true,
    "RayCastIgnored": false,
    "LivingRayCast": true,
    "AAC": false,
    "AttackTiming": "All",
    "BlockTiming": "Both",
    "NoBadPackets": false,
    "MaxTurnSpeed": 180.0,
    "MinTurnSpeed": 120.0,
    "SilentRotation": true,
    "Strafe": "Slient",
    "StrafeOnlyGround": false,
    "RandomCenter": "Off",
    "RandomRange": 0.0,
    "AlwaysHitable": true,
    "FOV": 120.0,
    "Predict": false,
    "MaxPredictSize": 1.0,
    "MinPredictSize": 1.0,
    "FailRate": 0.0,
    "FakeSwing": true,
    "NoInvAttack": false,
    "NoInvDelay": 200,
    "SwitchDelay": 1,
    "LimitedMultiTargets": 0,
    "Mark": "FDP",
    "Circle": true,
    "TargetHud": "MoonX",
    "CircleRed": 255,
    "CircleGreen": 255,
    "CircleBlue": 255,
    "CircleAlpha": 255,
    "CircleAccuracy": 60
  },
  "LiquidChat": {
    "JWT": false
  },
  "LiquidWalk": {
    "Mode": "NCP",
    "NoJump": false,
    "AACFlyMotion": 0.5
  },
  "LongJump": {
    "Mode": "NCP",
    "NCPBoost": 4.25,
    "AutoJump": false
  },
  "MotionBlur": {
    "BlurAmount": 1
  },
  "MotionRender": {
    "Mode": "Blood"
  },
  "NameProtect": {
    "FakeName": "\u0026cMe",
    "AllPlayers": false,
    "SkinProtect": true
  },
  "NameTag": {
    "Player": true,
    "Mob": false,
    "Animal": false,
    "Invisible": false,
    "Health": true,
    "Distance": false,
    "BackGround": 100,
    "Font": {
      "fontName": "Minecraft Font",
      "fontSize": -1
    }
  },
  "NoFOV": {
    "FOV": 1.0
  },
  "NoFall": {
    "Mode": "SpoofGround",
    "PhaseOffset": 1,
    "MinMLGHeight": 5.0,
    "MotionSpeed": -0.01
  },
  "NoPitchLimit": {
    "ServerSide": true
  },
  "NoRotateSet": {
    "Confirm": true,
    "ConfirmIllegalRotation": false,
    "OverwriteTeleport": false,
    "NoZero": false
  },
  "NoSlowBreak": {
    "Air": true,
    "Water": false
  },
  "NoSlowDown": {
    "PacketMode": "AntiCheat",
    "TeleportMode": "Vanilla",
    "StopSprint": "Off",
    "BlockForwardMultiplier": 1.0,
    "BlockStrafeMultiplier": 1.0,
    "ConsumeForwardMultiplier": 1.0,
    "ConsumeStrafeMultiplier": 1.0,
    "BowForwardMultiplier": 1.0,
    "BowStrafeMultiplier": 1.0,
    "CustomOnGround": false,
    "CustomDelay": 60,
    "Teleport": false,
    "TeleportNoApply": false,
    "Teleport-CustomSpeed": 0.13,
    "Teleport-CustomY": false,
    "Teleport-DecreasePercent": 0.13,
    "WatchDog-SendPacket": false,
    "Soulsand": true,
    "updateAlert": true
  },
  "NoSwing": {
    "ServerSide": false
  },
  "NoWeb": {
    "Mode": "None",
    "HorizonSpeed": 0.1
  },
  "Nuker": {
    "Radius": 5.2,
    "ThroughWalls": false,
    "Priority": "Distance",
    "Rotations": true,
    "Layer": false,
    "HitDelay": 4,
    "Nuke": 1,
    "NukeDelay": 1
  },
  "OnScreenRadar": {
    "R": 255,
    "G": 255,
    "B": 255,
    "Alpha": 255,
    "Player": true,
    "Mobs": false,
    "Animals": false,
    "Invisibles": false
  },
  "PacketFixer": {
    "Blink3Y": true,
    "Timer3A": true,
    "Scaffold14D": true,
    "Fly4I": false,
    "Fly4C": false
  },
  "Performance": {
    "StaticParticleColor": false,
    "FastEntityLightning": false,
    "FastBlockLightning": false
  },
  "Phase": {
    "Mode": "Vanilla"
  },
  "PingSpoof": {
    "MaxDelay": 1000,
    "MinDelay": 500
  },
  "PlayerEdit": {
    "PlayerSize": 0.5,
    "EditPlayerSize": true
  },
  "Projectiles": {
    "Color": "Custom",
    "R": 255,
    "G": 255,
    "B": 255
  },
  "ProphuntESP": {
    "R": 0,
    "G": 90,
    "B": 255,
    "Rainbow": false
  },
  "Reach": {
    "CombatReach": 3.5,
    "BuildReach": 5.0
  },
  "Regen": {
    "Mode": "Vanilla",
    "CustomPackets": 500.0,
    "CustomPacketDelay": 500.0,
    "Health": 18,
    "Food": 18,
    "Speed": 100,
    "NoAir": false,
    "PotionEffect": false
  },
  "ReverseStep": {
    "Motion": 1.0
  },
  "Rotations": {
    "Body": true
  },
  "SafeWalk": {
    "AirSafe": false
  },
  "Scaffold": {
    "Mode": "Normal",
    "MaxDelay": 0,
    "MinDelay": 0,
    "PlaceableDelay": false,
    "AutoBlockMode": "Switch",
    "Sprint": false,
    "Swing": false,
    "Search": true,
    "Down": true,
    "PlaceTiming": "Post",
    "ExpandLength": 1,
    "Rotations": "None",
    "net.ccbluex.liquidbounce.utils.Rotation": true,
    "AACPitch": 80,
    "AACSmartPitch": false,
    "AACYaw": 0,
    "Custom-Yaw": 135.0,
    "Custom-Pitch": 86.0,
    "KeepRotationLength": 10,
    "KeepRotation": true,
    "HypixelSpeed": true,
    "MaxTimer": 1.0,
    "MinTimer": 1.0,
    "SpeedModifier": 1.0,
    "SameY": false,
    "SafeWalk": true,
    "AirSafe": false,
    "Eagle": false,
    "EagleSilent": false,
    "BlocksToEagle": 0,
    "EagleEdgeDistance": 0.2,
    "Counter": "Simple",
    "Mark": false,
    "MarkRed": 126,
    "MarkGreen": 128,
    "MarkBlue": 255,
    "MarkAlpha": 100,
    "MarKOutline": false,
    "Blur-Advanced": false,
    "Blur-Strength": 1.0,
    "Tower": true,
    "MaxTurnSpeed": 180.0,
    "MinTurnSpeed": 180.0
  },
  "ServerCrasher": {
    "Mode": "Book"
  },
  "SkinDerp": {
    "Delay": 0,
    "Hat": true,
    "Jacket": true,
    "LeftPants": true,
    "RightPants": true,
    "LeftSleeve": true,
    "RightSleeve": true
  },
  "SlimeJump": {
    "Motion": 0.42,
    "Mode": "Add"
  },
  "Sneak": {
    "Mode": "MineSecure",
    "StopMove": false
  },
  "Spammer": {
    "MaxDelay": 1000,
    "MinDelay": 500,
    "Message": "Liquidbounce Client | liquidbounce(.net) | CCBlueX on yt",
    "Custom": false
  },
  "Speed": {
    "Mode": "VulcanHop",
    "CustomSpeed": 0.6,
    "CustomY": 0.4,
    "CustomTimer": 1.0,
    "CustomStrafe": false,
    "CustomResetXZ": false,
    "CustomResetY": false,
    "Hypixel-MaxTimer": 2.3,
    "Hypixel-MinTimer": 0.7,
    "SpeedTimer": 1.0,
    "hypixelspeed": 0.47,
    "speedY": 0.4
  },
  "SpeedHelper": {
    "Mode": "Jump",
    "LowJumpSpeed": 0.6,
    "MotionY": 0.4,
    "TargetStrafe": false
  },
  "SpeedMine": {
    "Mode": "NewPacket",
    "BreakSpeed": 1.2
  },
  "Sprint": {
    "AllDirections": true,
    "Blindness": true,
    "Food": true,
    "CheckServerSide": false,
    "CheckServerSideOnlyGround": false
  },
  "SprintFix": {
    "AllDirections": true,
    "AllDirectionsBypass": "None",
    "Blindness": true,
    "Food": true,
    "CheckServerSide": false,
    "CheckServerSideOnlyGround": false,
    "NoPacket": false
  },
  "Step": {
    "Mode": "NCP",
    "Height": 1.0,
    "JumpHeight": 0.42,
    "Delay": 0
  },
  "StorageESP": {
    "Mode": "Outline",
    "Chest": true,
    "EnderChest": true,
    "Furnace": true,
    "Dispenser": true,
    "Hopper": true
  },
  "SuperKnockback": {
    "HurtTime": 10,
    "Mode": "Normal",
    "OnlyMove": false,
    "OnlyGround": false,
    "Delay": 0
  },
  "TNTBlock": {
    "Fuse": 10,
    "Range": 9.0,
    "AutoSword": true
  },
  "TargetStrafe": {
    "Radius": 2.0,
    "Render": true,
    "Always-Render": true,
    "KeyMode": "None",
    "SafeWalk": true,
    "ThirdPerson": true,
    "Color": "Custom",
    "Red": 255,
    "Green": 255,
    "Blue": 255,
    "Saturation": 0.7,
    "Brightness": 1.0,
    "Mixer-Seconds": 2,
    "Accuracy": 0,
    "Thickness": 1.0,
    "Outline": true,
    "ExperimentalSpeed": false
  },
  "Teams": {
    "ScoreboardTeam": true,
    "Color": true,
    "GommeSW": false,
    "ArmorColor": false
  },
  "Teleport": {
    "IgnoreNoCollision": true,
    "Mode": "Blink",
    "Button": "Middle"
  },
  "Timer": {
    "Speed": 2.0,
    "OnMove": true
  },
  "Title": {
    "SetTitle": "PorintTK",
    "Copywriting": "ByXingChen"
  },
  "Tower": {
    "Mode": "Motion",
    "AutoBlock": true,
    "StayAutoBlock": false,
    "Swing": true,
    "StopWhenBlockAbove": false,
    "Rotations": true,
    "KeepRotation": false,
    "OnJump": false,
    "PlaceTiming": "Post",
    "Timer": 1.0,
    "JumpMotion": 0.42,
    "JumpDelay": 0,
    "ConstantMotion": 0.42,
    "ConstantMotionJumpGround": 0.79,
    "TeleportHeight": 1.15,
    "TeleportDelay": 0,
    "TeleportGround": true,
    "TeleportNoMotion": false,
    "Counter": true
  },
  "Tracers": {
    "Color": "Custom",
    "Thickness": 2.0,
    "R": 0,
    "G": 160,
    "B": 255
  },
  "Trail": {
    "Type": "Line",
    "R": 255,
    "G": 255,
    "B": 255,
    "Alpha": 255,
    "Rainbow": false,
    "Fade": true,
    "DrawThePlayer": true,
    "DrawTargets": true,
    "FadeTime": 5,
    "Precision": 1,
    "LineWidth": 1,
    "SphereScale": 1.0
  },
  "Trigger": {
    "MaxCPS": 8,
    "MinCPS": 5
  },
  "TrueSight": {
    "Barriers": true,
    "Entities": true
  },
  "Velocity": {
    "Horizontal": 0.0,
    "Vertical": 0.0,
    "VelocityTick": 1,
    "Mode": "Tick",
    "ReverseStrength": 1.0,
    "SmoothReverseStrength": 0.05,
    "AACPushXZReducer": 2.0,
    "AACPushYReducer": false,
    "AACYReduce": false,
    "OnLag": false,
    "AAC": false,
    "PhaseHeight": 0.5,
    "PhaseOnlyGround": true,
    "LegitStrafe": false,
    "LegitFace": true,
    "OnlyGround": false,
    "OnlyCombat": false,
    "OnlyHitVelocity": false,
    "noFire": false
  },
  "VulcanFly2": {
    "HopDelay": 7,
    "Speed": 4.1
  },
  "WallClimb": {
    "Mode": "Simple",
    "ClipMode": "Fast",
    "CheckerClimbMotion": 0.0
  },
  "WaterSpeed": {
    "Speed": 1.2
  },
  "Zoot": {
    "BadEffects": true,
    "Fire": true,
    "NoAir": false
  }
}
