[
  {
    "Type": "Scoreboard",
    "X": 4.0,
    "Y": 19.0,
    "Scale": 1.0,
    "HorizontalFacing": "Right",
    "VerticalFacing": "Middle",
    "Text-R": 255,
    "Text-G": 255,
    "Text-B": 255,
    "Background-R": 0,
    "Background-G": 0,
    "Background-B": 0,
    "Background-Alpha": 0,
    "Rect": false,
    "Rect-Color": "Custom",
    "Rect-R": 0,
    "Rect-G": 111,
    "Rect-B": 255,
    "Rect-Alpha": 255,
    "Shadow": true,
    "Font": {
      "fontName": "Minecraft Font",
      "fontSize": -1
    }
  },
  {
    "Type": "Armor",
    "X": -8.0,
    "Y": 57.0,
    "Scale": 0.84999996,
    "HorizontalFacing": "Middle",
    "VerticalFacing": "Down",
    "Alignment": "Horizontal"
  },
  {
    "Type": "Armor",
    "X": -8.0,
    "Y": 57.0,
    "Scale": 1.0,
    "HorizontalFacing": "Middle",
    "VerticalFacing": "Down",
    "Alignment": "Horizontal"
  },
  {
    "Type": "Effects",
    "X": 2.0,
    "Y": 10.0,
    "Scale": 1.0,
    "HorizontalFacing": "Right",
    "VerticalFacing": "Down",
    "Font": {
      "fontName": "Roboto Medium",
      "fontSize": 35
    },
    "Shadow": true
  },
  {
    "Type": "Effects",
    "X": 2.0,
    "Y": 10.0,
    "Scale": 1.0,
    "HorizontalFacing": "Right",
    "VerticalFacing": "Down",
    "Font": {
      "fontName": "Roboto Medium",
      "fontSize": 35
    },
    "Shadow": true
  },
  {
    "Type": "Scoreboard",
    "X": 5.0,
    "Y": 0.0,
    "Scale": 1.0,
    "HorizontalFacing": "Right",
    "VerticalFacing": "Middle",
    "Text-R": 255,
    "Text-G": 255,
    "Text-B": 255,
    "Background-R": 0,
    "Background-G": 0,
    "Background-B": 0,
    "Background-Alpha": 95,
    "Rect": false,
    "Rect-Color": "Custom",
    "Rect-R": 0,
    "Rect-G": 111,
    "Rect-B": 255,
    "Rect-Alpha": 255,
    "Shadow": false,
    "Font": {
      "fontName": "Minecraft Font",
      "fontSize": -1
    }
  },
  {
    "Type": "Scoreboard",
    "X": 5.0,
    "Y": 0.0,
    "Scale": 1.0,
    "HorizontalFacing": "Right",
    "VerticalFacing": "Middle",
    "Text-R": 255,
    "Text-G": 255,
    "Text-B": 255,
    "Background-R": 0,
    "Background-G": 0,
    "Background-B": 0,
    "Background-Alpha": 95,
    "Rect": false,
    "Rect-Color": "Custom",
    "Rect-R": 0,
    "Rect-G": 111,
    "Rect-B": 255,
    "Rect-Alpha": 255,
    "Shadow": false,
    "Font": {
      "fontName": "Minecraft Font",
      "fontSize": -1
    }
  },
  {
    "Type": "Scoreboard",
    "X": 5.0,
    "Y": 0.0,
    "Scale": 1.0,
    "HorizontalFacing": "Right",
    "VerticalFacing": "Middle",
    "Text-R": 255,
    "Text-G": 255,
    "Text-B": 255,
    "Background-R": 0,
    "Background-G": 0,
    "Background-B": 0,
    "Background-Alpha": 95,
    "Rect": false,
    "Rect-Color": "Custom",
    "Rect-R": 0,
    "Rect-G": 111,
    "Rect-B": 255,
    "Rect-Alpha": 255,
    "Shadow": false,
    "Font": {
      "fontName": "Minecraft Font",
      "fontSize": -1
    }
  },
  {
    "Type": "Effects",
    "X": 2.0,
    "Y": 10.0,
    "Scale": 1.0,
    "HorizontalFacing": "Right",
    "VerticalFacing": "Down",
    "Font": {
      "fontName": "Roboto Medium",
      "fontSize": 35
    },
    "Shadow": true
  },
  {
    "Type": "Armor",
    "X": -8.0,
    "Y": 57.0,
    "Scale": 1.0,
    "HorizontalFacing": "Middle",
    "VerticalFacing": "Down",
    "Alignment": "Horizontal"
  },
  {
    "Type": "Notifications",
    "X": -1.0,
    "Y": 78.0,
    "Scale": 1.0,
    "HorizontalFacing": "Right",
    "VerticalFacing": "Down"
  },
  {
    "Type": "Arraylist",
    "X": 41.0,
    "Y": -1.0,
    "Scale": 1.0,
    "HorizontalFacing": "Right",
    "VerticalFacing": "Up",
    "BRainbowSpeed": 55,
    "BRainbow-Saturation": 1.0,
    "BRainbow-Brightness": 1.0,
    "BRainbow-R": 0,
    "BRainbow-B": 64,
    "BRainbow-G": 0,
    "Rainbow-X": -86.95654,
    "Rainbow-Y": -1000.0,
    "Text-Color": "Rainbow",
    "Text-R": 255,
    "Text-G": 205,
    "Text-B": 0,
    "TwoRainbow": 1.0,
    "Rect-Color": "Rainbow",
    "Rect-R": 255,
    "Rect-G": 255,
    "Rect-B": 255,
    "Rect-Alpha": 255,
    "Random-Saturation": 0.9,
    "Random-Brightness": 1.0,
    "Tags": true,
    "ShadowText": true,
    "Background-Color": "Custom",
    "Background-R": 0,
    "Background-G": 0,
    "Background-B": 0,
    "Background-Alpha": 135,
    "BackGroundWidth": 2,
    "Rect": "Outline",
    "UpperCase": false,
    "Space": 0.0,
    "TextHeight": 12.0,
    "TextY": 1.0,
    "TagsArrayColor": false,
    "NameBreak": false,
    "Font": {
      "fontName": "Roboto Medium",
      "fontSize": 40
    }
  }
]
