{
  "AbortBreaking": {
    "State": false,
    "KeyBind": 0,
    "Array": true
  },
  "Aimbot": {
    "State": false,
    "KeyBind": 0,
    "Array": true
  },
  "AirJump": {
    "State": false,
    "KeyBind": 0,
    "Array": true
  },
  "Ambience": {
    "State": false,
    "KeyBind": 0,
    "Array": true
  },
  "Animations": {
    "State": true,
    "KeyBind": 0,
    "Array": true
  },
  "AntiAFK": {
    "State": false,
    "KeyBind": 0,
    "Array": true
  },
  "AntiAim": {
    "State": false,
    "KeyBind": 0,
    "Array": true
  },
  "AntiBlind": {
    "State": false,
    "KeyBind": 0,
    "Array": true
  },
  "AntiCactus": {
    "State": false,
    "KeyBind": 0,
    "Array": true
  },
  "AntiFall": {
    "State": false,
    "KeyBind": 0,
    "Array": true
  },
  "AntiFireBall": {
    "State": false,
    "KeyBind": 0,
    "Array": true
  },
  "AntiStaff": {
    "State": false,
    "KeyBind": 0,
    "Array": true
  },
  "Arrows": {
    "State": false,
    "KeyBind": 0,
    "Array": true
  },
  "AsNoDeads": {
    "State": false,
    "KeyBind": 0,
    "Array": true
  },
  "AtAllProvider": {
    "State": false,
    "KeyBind": 0,
    "Array": true
  },
  "AttackEffects": {
    "State": false,
    "KeyBind": 0,
    "Array": true
  },
  "AutoADPlus": {
    "State": false,
    "KeyBind": 25,
    "Array": true
  },
  "AutoArmor": {
    "State": true,
    "KeyBind": 0,
    "Array": true
  },
  "AutoBreak": {
    "State": false,
    "KeyBind": 0,
    "Array": true
  },
  "AutoClicker": {
    "State": false,
    "KeyBind": 0,
    "Array": true
  },
  "AutoFish": {
    "State": false,
    "KeyBind": 0,
    "Array": true
  },
  "AutoGG": {
    "State": false,
    "KeyBind": 0,
    "Array": true
  },
  "AutoHead": {
    "State": false,
    "KeyBind": 0,
    "Array": true
  },
  "AutoKit": {
    "State": false,
    "KeyBind": 0,
    "Array": true
  },
  "AutoL": {
    "State": false,
    "KeyBind": 0,
    "Array": true
  },
  "AutoLogin": {
    "State": false,
    "KeyBind": 0,
    "Array": true
  },
  "AutoPit": {
    "State": false,
    "KeyBind": 0,
    "Array": true
  },
  "AutoPot": {
    "State": false,
    "KeyBind": 0,
    "Array": true
  },
  "AutoRespawn": {
    "State": false,
    "KeyBind": 0,
    "Array": true
  },
  "AutoSoup": {
    "State": false,
    "KeyBind": 0,
    "Array": true
  },
  "AutoTool": {
    "State": false,
    "KeyBind": 0,
    "Array": true
  },
  "AutoWalk": {
    "State": false,
    "KeyBind": 0,
    "Array": true
  },
  "AutoWeapon": {
    "State": true,
    "KeyBind": 0,
    "Array": true
  },
  "Blink": {
    "State": false,
    "KeyBind": 0,
    "Array": true
  },
  "BlockESP": {
    "State": false,
    "KeyBind": 0,
    "Array": true
  },
  "BlockOverlay": {
    "State": false,
    "KeyBind": 0,
    "Array": true
  },
  "BlockWalk": {
    "State": false,
    "KeyBind": 0,
    "Array": true
  },
  "BotKiller": {
    "State": false,
    "KeyBind": 0,
    "Array": true
  },
  "BowAimbot": {
    "State": false,
    "KeyBind": 0,
    "Array": true
  },
  "Breadcrumbs": {
    "State": false,
    "KeyBind": 0,
    "Array": true
  },
  "BugUp": {
    "State": false,
    "KeyBind": 0,
    "Array": true
  },
  "CameraClip": {
    "State": false,
    "KeyBind": 0,
    "Array": true
  },
  "CapeManager": {
    "State": false,
    "KeyBind": 0,
    "Array": true
  },
  "Chams": {
    "State": false,
    "KeyBind": 0,
    "Array": true
  },
  "ChestAura": {
    "State": false,
    "KeyBind": 0,
    "Array": true
  },
  "ChestESP": {
    "State": false,
    "KeyBind": 0,
    "Array": true
  },
  "ChestStealer": {
    "State": false,
    "KeyBind": 0,
    "Array": true
  },
  "Chkala": {
    "State": false,
    "KeyBind": 0,
    "Array": false
  },
  "CivBreak": {
    "State": false,
    "KeyBind": 0,
    "Array": true
  },
  "ClickGUI": {
    "State": false,
    "KeyBind": 54,
    "Array": true
  },
  "ColorMixer": {
    "State": false,
    "KeyBind": 0,
    "Array": true
  },
  "ComponentOnHover": {
    "State": false,
    "KeyBind": 0,
    "Array": true
  },
  "Criticals": {
    "State": false,
    "KeyBind": 44,
    "Array": true
  },
  "Dab": {
    "State": false,
    "KeyBind": 0,
    "Array": true
  },
  "Damage": {
    "State": false,
    "KeyBind": 0,
    "Array": true
  },
  "DamageParticle": {
    "State": true,
    "KeyBind": 0,
    "Array": true
  },
  "Disabler": {
    "State": false,
    "KeyBind": 0,
    "Array": true
  },
  "ESP": {
    "State": true,
    "KeyBind": 0,
    "Array": true
  },
  "Eagle": {
    "State": false,
    "KeyBind": 0,
    "Array": true
  },
  "EnchantEffect": {
    "State": true,
    "KeyBind": 0,
    "Array": true
  },
  "FPSHurtCam": {
    "State": false,
    "KeyBind": 0,
    "Array": true
  },
  "FastClimb": {
    "State": false,
    "KeyBind": 0,
    "Array": true
  },
  "FastPlace": {
    "State": false,
    "KeyBind": 0,
    "Array": true
  },
  "FastStairs": {
    "State": false,
    "KeyBind": 0,
    "Array": true
  },
  "FastUse": {
    "State": false,
    "KeyBind": 0,
    "Array": true
  },
  "Fly": {
    "State": false,
    "KeyBind": 0,
    "Array": true
  },
  "FreeCam": {
    "State": false,
    "KeyBind": 0,
    "Array": true
  },
  "Freeze": {
    "State": false,
    "KeyBind": 0,
    "Array": true
  },
  "Fucker": {
    "State": false,
    "KeyBind": 19,
    "Array": true
  },
  "Fullbright": {
    "State": false,
    "KeyBind": 0,
    "Array": true
  },
  "Gapple": {
    "State": false,
    "KeyBind": 0,
    "Array": true
  },
  "GhostHand": {
    "State": false,
    "KeyBind": 0,
    "Array": true
  },
  "HUD": {
    "State": true,
    "KeyBind": 0,
    "Array": false
  },
  "HYTGetName": {
    "State": false,
    "KeyBind": 0,
    "Array": true
  },
  "HighJump": {
    "State": false,
    "KeyBind": 0,
    "Array": true
  },
  "HitBox": {
    "State": false,
    "KeyBind": 0,
    "Array": true
  },
  "HytVelocity": {
    "State": false,
    "KeyBind": 0,
    "Array": true
  },
  "IceSpeed": {
    "State": false,
    "KeyBind": 0,
    "Array": true
  },
  "InfiniteAura": {
    "State": false,
    "KeyBind": 0,
    "Array": true
  },
  "InvManager": {
    "State": false,
    "KeyBind": 0,
    "Array": true
  },
  "InventoryMove": {
    "State": true,
    "KeyBind": 0,
    "Array": true
  },
  "ItemESP": {
    "State": false,
    "KeyBind": 0,
    "Array": true
  },
  "ItemPhysics": {
    "State": false,
    "KeyBind": 0,
    "Array": true
  },
  "KeepArmor": {
    "State": false,
    "KeyBind": 0,
    "Array": true
  },
  "Kick": {
    "State": false,
    "KeyBind": 0,
    "Array": true
  },
  "KickWarn": {
    "State": false,
    "KeyBind": 0,
    "Array": true
  },
  "KillAura": {
    "State": false,
    "KeyBind": 19,
    "Array": true
  },
  "LiquidWalk": {
    "State": false,
    "KeyBind": 36,
    "Array": true
  },
  "Liquids": {
    "State": false,
    "KeyBind": 0,
    "Array": true
  },
  "LongJump": {
    "State": false,
    "KeyBind": 0,
    "Array": true
  },
  "MemoryFix": {
    "State": false,
    "KeyBind": 0,
    "Array": true
  },
  "MidClick": {
    "State": false,
    "KeyBind": 0,
    "Array": true
  },
  "MoreCarry": {
    "State": false,
    "KeyBind": 0,
    "Array": true
  },
  "MultiActions": {
    "State": false,
    "KeyBind": 0,
    "Array": true
  },
  "NameProtect": {
    "State": false,
    "KeyBind": 0,
    "Array": true
  },
  "NameTag": {
    "State": false,
    "KeyBind": 0,
    "Array": true
  },
  "NewXray": {
    "State": false,
    "KeyBind": 0,
    "Array": true
  },
  "NoBob": {
    "State": false,
    "KeyBind": 0,
    "Array": true
  },
  "NoClip": {
    "State": false,
    "KeyBind": 0,
    "Array": true
  },
  "NoDead": {
    "State": false,
    "KeyBind": 0,
    "Array": true
  },
  "NoFOV": {
    "State": false,
    "KeyBind": 0,
    "Array": true
  },
  "NoFall": {
    "State": false,
    "KeyBind": 0,
    "Array": true
  },
  "NoFriends": {
    "State": false,
    "KeyBind": 0,
    "Array": true
  },
  "NoHurtCam": {
    "State": true,
    "KeyBind": 0,
    "Array": true
  },
  "NoJumpDelay": {
    "State": false,
    "KeyBind": 0,
    "Array": true
  },
  "NoPitchLimit": {
    "State": false,
    "KeyBind": 0,
    "Array": true
  },
  "NoRender": {
    "State": false,
    "KeyBind": 0,
    "Array": true
  },
  "NoRotateSet": {
    "State": true,
    "KeyBind": 0,
    "Array": true
  },
  "NoScoreboard": {
    "State": false,
    "KeyBind": 0,
    "Array": true
  },
  "NoSlow": {
    "State": true,
    "KeyBind": 0,
    "Array": true
  },
  "NoSlowBreak": {
    "State": false,
    "KeyBind": 0,
    "Array": true
  },
  "NoSwing": {
    "State": false,
    "KeyBind": 0,
    "Array": true
  },
  "NoWeb": {
    "State": false,
    "KeyBind": 0,
    "Array": true
  },
  "Nuker": {
    "State": false,
    "KeyBind": 0,
    "Array": true
  },
  "PacketFixer": {
    "State": false,
    "KeyBind": 0,
    "Array": true
  },
  "PacketGraph": {
    "State": false,
    "KeyBind": 0,
    "Array": true
  },
  "Parkour": {
    "State": false,
    "KeyBind": 0,
    "Array": true
  },
  "Particles": {
    "State": false,
    "KeyBind": 0,
    "Array": true
  },
  "Phase": {
    "State": false,
    "KeyBind": 0,
    "Array": true
  },
  "PingSpoof": {
    "State": false,
    "KeyBind": 0,
    "Array": true
  },
  "PlayerEdit": {
    "State": false,
    "KeyBind": 0,
    "Array": true
  },
  "PlayerList": {
    "State": false,
    "KeyBind": 0,
    "Array": true
  },
  "Plugins": {
    "State": false,
    "KeyBind": 0,
    "Array": true
  },
  "PortalMenu": {
    "State": false,
    "KeyBind": 0,
    "Array": true
  },
  "PotionSaver": {
    "State": false,
    "KeyBind": 0,
    "Array": true
  },
  "Projectiles": {
    "State": true,
    "KeyBind": 0,
    "Array": true
  },
  "ProphuntESP": {
    "State": false,
    "KeyBind": 0,
    "Array": true
  },
  "Radar": {
    "State": false,
    "KeyBind": 0,
    "Array": true
  },
  "Reach": {
    "State": false,
    "KeyBind": 0,
    "Array": true
  },
  "Regen": {
    "State": false,
    "KeyBind": 0,
    "Array": true
  },
  "ResourcePackSpoof": {
    "State": false,
    "KeyBind": 0,
    "Array": true
  },
  "Rotations": {
    "State": false,
    "KeyBind": 0,
    "Array": false
  },
  "SafeWalk": {
    "State": false,
    "KeyBind": 0,
    "Array": true
  },
  "Scaffold": {
    "State": false,
    "KeyBind": 33,
    "Array": true
  },
  "ServerCrasher": {
    "State": false,
    "KeyBind": 0,
    "Array": true
  },
  "SessionInfo": {
    "State": false,
    "KeyBind": 0,
    "Array": true
  },
  "SlimeJump": {
    "State": false,
    "KeyBind": 0,
    "Array": true
  },
  "Sneak": {
    "State": false,
    "KeyBind": 0,
    "Array": true
  },
  "Spammer": {
    "State": false,
    "KeyBind": 0,
    "Array": true
  },
  "Speed": {
    "State": false,
    "KeyBind": 0,
    "Array": true
  },
  "SpeedMine": {
    "State": false,
    "KeyBind": 0,
    "Array": true
  },
  "Sprint": {
    "State": true,
    "KeyBind": 0,
    "Array": true
  },
  "Stairs": {
    "State": false,
    "KeyBind": 0,
    "Array": true
  },
  "Step": {
    "State": false,
    "KeyBind": 0,
    "Array": true
  },
  "StorageESP": {
    "State": false,
    "KeyBind": 0,
    "Array": true
  },
  "Strafe": {
    "State": false,
    "KeyBind": 0,
    "Array": true
  },
  "SuperKnockback": {
    "State": true,
    "KeyBind": 0,
    "Array": true
  },
  "SwingAnimation": {
    "State": true,
    "KeyBind": 0,
    "Array": true
  },
  "TNTESP": {
    "State": false,
    "KeyBind": 0,
    "Array": true
  },
  "TargetHUD": {
    "State": false,
    "KeyBind": 0,
    "Array": false
  },
  "TargetStrafe": {
    "State": false,
    "KeyBind": 0,
    "Array": true
  },
  "Teams": {
    "State": true,
    "KeyBind": 0,
    "Array": true
  },
  "Teleport": {
    "State": false,
    "KeyBind": 0,
    "Array": true
  },
  "Timer": {
    "State": false,
    "KeyBind": 0,
    "Array": true
  },
  "TitlePlus": {
    "State": true,
    "KeyBind": 0,
    "Array": true
  },
  "Tower": {
    "State": false,
    "KeyBind": 24,
    "Array": true
  },
  "Tracers": {
    "State": false,
    "KeyBind": 0,
    "Array": true
  },
  "TrueSight": {
    "State": false,
    "KeyBind": 0,
    "Array": true
  },
  "Turnspeed": {
    "State": false,
    "KeyBind": 0,
    "Array": true
  },
  "VehicleOneHit": {
    "State": false,
    "KeyBind": 0,
    "Array": true
  },
  "Velocity": {
    "State": false,
    "KeyBind": 19,
    "Array": true
  },
  "VulCanNoSlow": {
    "State": false,
    "KeyBind": 0,
    "Array": true
  },
  "WallClimb": {
    "State": false,
    "KeyBind": 0,
    "Array": true
  },
  "WaterSpeed": {
    "State": false,
    "KeyBind": 0,
    "Array": true
  },
  "Wings": {
    "State": false,
    "KeyBind": 0,
    "Array": false
  },
  "XRay": {
    "State": false,
    "KeyBind": 0,
    "Array": true
  }
}
