{
  "CommandPrefix": ".",
  "targets": {
    "TargetPlayer": true,
    "TargetMobs": false,
    "TargetAnimals": false,
    "TargetInvisible": false,
    "TargetDead": false
  },
  "features": {
    "AntiForge": false,
    "AntiForgeFML": true,
    "AntiForgeProxy": true,
    "AntiForgePayloads": true,
    "BungeeSpoof": false,
    "AutoReconnectDelay": 5000
  },
  "thealtening": {
    "API-Key": ""
  },
  "liquidchat": {
    "token": ""
  },
  "DonatorCape": {
    "TransferCode": "",
    "CapeEnabled": true
  },
  "Background": {
    "Enabled": true,
    "Particles": false
  },
  "Aimbot": {
    "Range": 4.4,
    "TurnSpeed": 2.0,
    "FOV": 180.0,
    "Center": false,
    "Lock": true,
    "OnClick": false,
    "Jitter": false
  },
  "Ambience": {
    "TimeMode": "Custom",
    "WeatherMode": "None",
    "CustomTime": 1000,
    "ChangeWorldTimeSpeed": 150,
    "WeatherStrength": 1.0
  },
  "AntiAFK": {
    "Mode": "Random",
    "SwingDelay": 100,
    "RotationDelay": 100,
    "RotationAngle": 1.0,
    "Jump": true,
    "Move": true,
    "Rotate": true,
    "Swing": true
  },
  "AntiBlind": {
    "Confusion": true,
    "Pumpkin": true,
    "Fire": true
  },
  "AntiBot": {
    "Tab": true,
    "TabMode": "Contains",
    "EntityID": true,
    "Color": false,
    "LivingTime": false,
    "LivingTimeTicks": 40,
    "Ground": true,
    "Air": false,
    "InvalidGround": true,
    "Swing": false,
    "Health": false,
    "Derp": true,
    "WasInvisible": false,
    "Armor": false,
    "Ping": false,
    "NeedHit": false,
    "DuplicateInWorld": false,
    "DuplicateInTab": false
  },
  "AtAllProvider": {
    "MinDelay": 500,
    "MaxDelay": 1000,
    "Retry": false
  },
  "AutoArmor": {
    "MinDelay": 171,
    "MaxDelay": 273,
    "InvOpen": false,
    "SimulateInventory": true,
    "NoMove": false,
    "ItemDelay": 0,
    "Hotbar": true
  },
  "AutoBow": {
    "WaitForBowAimbot": true
  },
  "AutoClicker": {
    "MaxCPS": 17,
    "MinCPS": 14,
    "Right": true,
    "Left": true,
    "Jitter": false
  },
  "AutoHead": {
    "EatHead": true,
    "EatApples": true,
    "Health": 10.0,
    "Delay": 750
  },
  "AutoLeave": {
    "Health": 8.0,
    "Mode": "Quit"
  },
  "AutoPot": {
    "Health": 15.0,
    "Delay": 500,
    "OpenInv": false,
    "SimulateInventory": true,
    "GroundDistance": 2.0,
    "Mode": "Normal"
  },
  "AutoRespawn": {
    "Instant": true
  },
  "AutoSoup": {
    "Health": 15.0,
    "Delay": 150,
    "OpenInv": false,
    "SimulateInventory": true,
    "Bowl": "Drop"
  },
  "AutoWeapon": {
    "SpoofItem": false,
    "SpoofTicks": 10
  },
  "Blink": {
    "Pulse": false,
    "PulseDelay": 1000
  },
  "BlockESP": {
    "Mode": "Box",
    "Block": 27,
    "Radius": 40,
    "R": 255,
    "G": 179,
    "B": 72,
    "Rainbow": true
  },
  "BlockOverlay": {
    "R": 0,
    "G": 0,
    "B": 0,
    "Rainbow": true,
    "Info": true
  },
  "BlockWalk": {
    "Cobweb": true,
    "Snow": true
  },
  "BowAimbot": {
    "Silent": true,
    "Predict": true,
    "ThroughWalls": false,
    "PredictSize": 2.0,
    "Priority": "Direction",
    "Mark": true
  },
  "Breadcrumbs": {
    "R": 255,
    "G": 179,
    "B": 72,
    "Rainbow": false
  },
  "BufferSpeed": {
    "SpeedLimit": true,
    "MaxSpeed": 2.0,
    "Buffer": true,
    "Stairs": true,
    "StairsBoost": 1.87,
    "StairsMode": "New",
    "Slabs": true,
    "SlabsBoost": 1.87,
    "SlabsMode": "New",
    "Ice": false,
    "IceBoost": 1.342,
    "Snow": true,
    "SnowBoost": 1.87,
    "SnowPort": true,
    "Wall": true,
    "WallBoost": 1.87,
    "WallMode": "New",
    "HeadBlock": true,
    "HeadBlockBoost": 1.87,
    "Slime": true,
    "AirStrafe": false,
    "NoHurt": true
  },
  "BugUp": {
    "Mode": "FlyFlag",
    "MaxFallDistance": 10,
    "MaxDistanceToSetback": 2.5,
    "Indicator": true
  },
  "Chams": {
    "Targets": true,
    "Chests": true,
    "Items": true
  },
  "ChestAura": {
    "Range": 5.0,
    "Delay": 100,
    "ThroughWalls": true,
    "VisualSwing": true,
    "Chest": 54,
    "Rotations": true
  },
  "ChestStealer": {
    "MaxDelay": 200,
    "MinDelay": 150,
    "TakeRandomized": false,
    "OnlyItems": false,
    "NoCompass": false,
    "AutoClose": true,
    "AutoCloseMaxDelay": 0,
    "AutoCloseMinDelay": 0,
    "CloseOnFull": true,
    "ChestTitle": false
  },
  "CivBreak": {
    "Range": 5.0,
    "Rotations": true,
    "VisualSwing": true,
    "Air-Reset": true,
    "Range-Reset": true
  },
  "ClickGUI": {
    "Style": "Slowly",
    "Scale": 0.7,
    "MaxElements": 12,
    "R": 255,
    "G": 167,
    "B": 255,
    "Rainbow": true
  },
  "Clip": {
    "Mode": "Teleport",
    "Horizontal": 0.0,
    "Vertical": 5.0
  },
  "ConsoleSpammer": {
    "Mode": "Payload",
    "Delay": 0
  },
  "Criticals": {
    "Mode": "Packet",
    "Delay": 10,
    "SendC06": false,
    "HurtTime": 10
  },
  "Damage": {
    "Mode": "NCP",
    "Damage": 1
  },
  "Derp": {
    "Headless": false,
    "Spinny": false,
    "Increment": 1.0
  },
  "ESP": {
    "Mode": "Real2D",
    "Outline-Width": 3.0,
    "WireFrame-Width": 2.0,
    "ShaderOutline-Radius": 1.35,
    "ShaderGlow-Radius": 2.3,
    "R": 0,
    "G": 0,
    "B": 0,
    "Rainbow": false,
    "Team": true
  },
  "EnchantEffect": {
    "R": 255,
    "G": 196,
    "B": 255,
    "Alpha": 255,
    "RainBow": true
  },
  "FastBow": {
    "Packets": 20
  },
  "FastBreak": {
    "BreakDamage": 0.8
  },
  "FastClimb": {
    "Mode": "Vanilla",
    "Speed": 0.2872
  },
  "FastPlace": {
    "Speed": 0
  },
  "FastStairs": {
    "Mode": "NCP",
    "LongJump": false
  },
  "FastUse": {
    "Mode": "NCP",
    "NoMove": false,
    "CustomDelay": 0,
    "CustomSpeed": 2,
    "CustomTimer": 1.1
  },
  "Fly": {
    "Mode": "KeepAlive",
    "VanillaSpeed": 1.44,
    "VanillaKickBypass": false,
    "NCPMotion": 0.0,
    "AAC1.9.10-Speed": 0.3,
    "AAC3.0.5-Fast": true,
    "AAC3.3.12-Motion": 10.0,
    "AAC3.3.13-Motion": 10.0,
    "Hypixel-Boost": true,
    "Hypixel-BoostDelay": 1200,
    "Hypixel-BoostTimer": 1.0,
    "MineplexSpeed": 1.0,
    "NeruxVace-Ticks": 6,
    "Mark": true
  },
  "FreeCam": {
    "Speed": 0.8,
    "Fly": true,
    "NoClip": true
  },
  "Fucker": {
    "Block": 26,
    "ThroughWalls": "None",
    "Range": 5.48,
    "Action": "Destroy",
    "Instant": false,
    "SwitchDelay": 80,
    "Swing": true,
    "Rotations": false,
    "Surroundings": false,
    "NoHit": true
  },
  "Fullbright": {
    "Mode": "NightVision"
  },
  "GhostHand": {
    "Block": 54
  },
  "HUD": {
    "BlackHotbar": true,
    "InventoryParticle": false,
    "Blur": false,
    "FontChat": false
  },
  "HighJump": {
    "Height": 2.0,
    "Mode": "Vanilla",
    "OnlyGlassPane": false
  },
  "HitBox": {
    "Size": 0.4
  },
  "HytDash": {
    "Mode": "Lag",
    "LagPower": 8,
    "NewLagPower": 20
  },
  "HytFly": {
    "MotionXZ": 2.5,
    "MotionY": 1.8,
    "Bob": 0.5,
    "Delay": 2,
    "Timer": 1.1
  },
  "HytGetName": {
    "GetNameMode": "4V4/1V1"
  },
  "HytHighJump": {
    "Mode": "Bug",
    "BugPower": 5,
    "FlagPower": 5
  },
  "HytRun": {
    "MotionSpike": 5.0,
    "MotionY": 5.0
  },
  "HytSpeed": {
    "Speed": 0.5,
    "MotionY": 0.42
  },
  "IceSpeed": {
    "Mode": "NCP"
  },
  "Ignite": {
    "Lighter": true,
    "Lava": true
  },
  "InventoryCleaner": {
    "MaxDelay": 600,
    "MinDelay": 400,
    "InvOpen": false,
    "SimulateInventory": true,
    "NoMove": false,
    "IgnoreVehicles": false,
    "Hotbar": true,
    "RandomSlot": false,
    "Sort": true,
    "ItemDelay": 0,
    "SortSlot-1": "Sword",
    "SortSlot-2": "Bow",
    "SortSlot-3": "Pickaxe",
    "SortSlot-4": "Axe",
    "SortSlot-5": "None",
    "SortSlot-6": "None",
    "SortSlot-7": "Food",
    "SortSlot-8": "Block",
    "SortSlot-9": "Block"
  },
  "InventoryMove": {
    "Undetectable": false,
    "AACAdditionPro": false,
    "NoMoveClicks": true
  },
  "ItemESP": {
    "Mode": "Box",
    "R": 0,
    "G": 0,
    "B": 0,
    "Rainbow": false
  },
  "ItemTeleport": {
    "Mode": "New",
    "ResetAfterTP": true,
    "Button": "Middle"
  },
  "KeepAlive": {
    "Mode": "/heal"
  },
  "Kick": {
    "Mode": "Quit"
  },
  "KillAura": {
    "MaxCPS": 14,
    "MinCPS": 11,
    "HurtTime": 10,
    "Cooldown": 0.04,
    "Range": 3.83,
    "BlockRange": 0.07,
    "ThroughWallsRange": 0.07,
    "RangeSprintReducement": 0.0,
    "Priority": "Distance",
    "TargetMode": "Switch",
    "Swing": true,
    "KeepSprint": true,
    "DelayedBlock": false,
    "BlockMode": "Packet",
    "BlockRate": 100,
    "RayCast": true,
    "RayCastIgnored": false,
    "LivingRayCast": false,
    "AAC": true,
    "MaxTurnSpeed": 110.08,
    "MinTurnSpeed": 77.14,
    "SilentRotation": true,
    "Strafe": "Silent",
    "RandomCenter": true,
    "Outborder": false,
    "FOV": 136.86,
    "Predict": false,
    "MaxPredictSize": 1.02,
    "MinPredictSize": 1.02,
    "FailRate": 0.83,
    "FakeSwing": true,
    "NoInvAttack": false,
    "NoInvDelay": 200,
    "LimitedMultiTargets": 0,
    "CircleRadius": 1.0,
    "Mark": "Circle",
    "FakeSharp": true,
    "Circle": true,
    "CircleRed": 255,
    "CircleGreen": 2,
    "CircleBlue": 6,
    "CircleAlpha": 255,
    "CircleAccuracy": 60
  },
  "LiquidChat": {
    "JWT": false
  },
  "LiquidWalk": {
    "Mode": "NCP",
    "NoJump": false,
    "AACFlyMotion": 0.5
  },
  "LongJump": {
    "Mode": "NCP",
    "NCPBoost": 4.25,
    "AutoJump": false
  },
  "NameProtect": {
    "AllPlayers": false,
    "SkinProtect": true,
    "FakeName": "\u0026cMe"
  },
  "NameTags": {
    "Health": true,
    "Ping": true,
    "Distance": true,
    "Armor": true,
    "ClearNames": true,
    "Font": {
      "fontName": "Roboto Medium",
      "fontSize": 40
    },
    "Border": true,
    "Scale": 1.0
  },
  "NoFOV": {
    "FOV": 1.21
  },
  "NoFall": {
    "Mode": "SpoofGround",
    "MinMLGHeight": 5.0
  },
  "NoPitchLimit": {
    "ServerSide": true
  },
  "NoRotateSet": {
    "Confirm": true,
    "ConfirmIllegalRotation": false,
    "NoZero": false
  },
  "NoSlow": {
    "BlockForwardMultiplier": 1.0,
    "BlockStrafeMultiplier": 1.0,
    "ConsumeForwardMultiplier": 0.2,
    "ConsumeStrafeMultiplier": 0.22,
    "BowForwardMultiplier": 0.2,
    "BowStrafeMultiplier": 0.2,
    "AAC5C07Delay": 70.0,
    "PacketMode": "NoPacket",
    "Shield": false,
    "Debug": false,
    "Soulsand": false
  },
  "NoSlowBreak": {
    "Air": true,
    "Water": false
  },
  "NoSwing": {
    "ServerSide": true
  },
  "NoWeb": {
    "Mode": "Rewi"
  },
  "Nuker": {
    "Radius": 5.2,
    "ThroughWalls": false,
    "Priority": "Distance",
    "Rotations": true,
    "Layer": false,
    "HitDelay": 4,
    "Nuke": 1,
    "NukeDelay": 1
  },
  "OldHitting": {
    "Mode": "1.8"
  },
  "Phase": {
    "Mode": "Vanilla"
  },
  "PingSpoof": {
    "MinDelay": 500,
    "MaxDelay": 1000
  },
  "Projectiles": {
    "Color": "Custom",
    "R": 0,
    "G": 160,
    "B": 255
  },
  "ProphuntESP": {
    "R": 0,
    "G": 90,
    "B": 255,
    "Rainbow": false
  },
  "Reach": {
    "CombatReach": 3.5,
    "BuildReach": 5.0
  },
  "Regen": {
    "Mode": "Vanilla",
    "Health": 18,
    "Food": 18,
    "Speed": 100,
    "NoAir": false,
    "PotionEffect": false
  },
  "ReverseStep": {
    "Motion": 1.0
  },
  "Rotations": {
    "Body": true
  },
  "SafeWalk": {
    "AirSafe": false
  },
  "Scaffold": {
    "Mode": "Normal",
    "MaxDelay": 22,
    "MinDelay": 22,
    "PlaceableDelay": true,
    "AutoBlock": "Switch",
    "Sprint": false,
    "Swing": true,
    "Search": false,
    "Down": false,
    "Picker": true,
    "PlaceTiming": "Pre",
    "Eagle": "Off",
    "BlocksToEagle": 0,
    "EagleEdgeDistance": 0.1,
    "ExpandLength": 1,
    "RotationStrafe": true,
    "RotationMode": "StaticYaw",
    "SilentRotation": true,
    "KeepRotation": true,
    "KeepRotationLength": 0,
    "StaticPitchOffset": 86.0,
    "StaticYawOffset": 0.0,
    "xzRange": 0.8,
    "yRange": 0.8,
    "SearchAccuracy": 8,
    "MaxTurnSpeed": 180.0,
    "MinTurnSpeed": 180.0,
    "Zitter": false,
    "ZitterMode": "Teleport",
    "ZitterSpeed": 0.13,
    "ZitterStrength": 0.072,
    "Timer": 1.01,
    "SpeedModifier": 1.0,
    "Slow": false,
    "SlowSpeed": 0.6,
    "SameY": false,
    "SafeWalk": true,
    "AirSafe": false,
    "Counter": true,
    "Mark": true
  },
  "ServerCrasher": {
    "Mode": "Book"
  },
  "SkinDerp": {
    "Delay": 0,
    "Hat": true,
    "Jacket": true,
    "LeftPants": true,
    "RightPants": true,
    "LeftSleeve": true,
    "RightSleeve": true
  },
  "SlimeJump": {
    "Motion": 0.42,
    "Mode": "Add"
  },
  "Sneak": {
    "Mode": "MineSecure",
    "StopMove": false
  },
  "Spammer": {
    "MaxDelay": 1000,
    "MinDelay": 500,
    "Message": "LiquidSense Client | liquidbounce(.net) | CCBlueX on yt",
    "Custom": false
  },
  "Speed": {
    "Mode": "AAC4SlowHop",
    "CustomSpeed": 0.63,
    "CustomY": 0.0,
    "CustomTimer": 1.0,
    "CustomStrafe": true,
    "CustomResetXZ": true,
    "CustomResetY": true,
    "AAC-PortLength": 1.66,
    "AACGround-Timer": 3.0,
    "CubeCraft-PortLength": 1.21,
    "MineplexGround-Speed": 0.39
  },
  "Sprint": {
    "AllDirections": true,
    "Blindness": true,
    "Food": true,
    "CheckServerSide": false,
    "CheckServerSideOnlyGround": false
  },
  "Step": {
    "Mode": "NCP",
    "Height": 1.0,
    "JumpHeight": 0.42,
    "Delay": 0
  },
  "StorageESP": {
    "Mode": "2D",
    "Chest": true,
    "EnderChest": true,
    "Furnace": true,
    "Dispenser": true,
    "Hopper": true,
    "ShulkerBox": true
  },
  "SuperKnockback": {
    "HurtTime": 10
  },
  "TNTBlock": {
    "Fuse": 10,
    "Range": 9.0,
    "AutoSword": true
  },
  "Teams": {
    "ScoreboardTeam": true,
    "Color": true,
    "GommeSW": true,
    "ArmorColor": true
  },
  "Teleport": {
    "IgnoreNoCollision": true,
    "Mode": "Blink",
    "Button": "Middle"
  },
  "Timer": {
    "Speed": 2.0,
    "OnMove": true
  },
  "Tower": {
    "Mode": "Motion",
    "AutoBlock": true,
    "StayAutoBlock": false,
    "Swing": true,
    "StopWhenBlockAbove": false,
    "Rotations": true,
    "KeepRotation": false,
    "OnJump": false,
    "PlaceTiming": "Post",
    "Timer": 1.0,
    "JumpMotion": 0.42,
    "JumpDelay": 0,
    "ConstantMotion": 0.42,
    "ConstantMotionJumpGround": 0.79,
    "TeleportHeight": 1.15,
    "TeleportDelay": 0,
    "TeleportGround": true,
    "TeleportNoMotion": false,
    "Counter": true
  },
  "Tracers": {
    "Color": "Custom",
    "Thickness": 1.0,
    "R": 255,
    "G": 255,
    "B": 255
  },
  "Trigger": {
    "MaxCPS": 11,
    "MinCPS": 8
  },
  "TrueSight": {
    "Barriers": true,
    "Entities": true
  },
  "Velocity": {
    "Horizontal": 0.01,
    "Vertical": 0.01,
    "VelocityTick": 10,
    "Mode": "Tick",
    "ReverseStrength": 1.0,
    "SmoothReverseStrength": 0.05,
    "AACPushXZReducer": 2.02,
    "AACPushYReducer": true,
    "AACv4MotionReducer": 0.62
  },
  "WallClimb": {
    "Mode": "Simple",
    "ClipMode": "Fast",
    "CheckerClimbMotion": 0.0
  },
  "WaterSpeed": {
    "Speed": 1.2
  },
  "Zoot": {
    "BadEffects": true,
    "Fire": true,
    "NoAir": false
  }
}
