{
  "COMBAT": {
    "open": true,
    "visible": true,
    "posX": 627,
    "posY": 0,
    "Aimbot": {
      "Settings": false
    },
    "AntiFireBall": {
      "Settings": false
    },
    "AutoArmor": {
      "Settings": false
    },
    "AutoClicker": {
      "Settings": false
    },
    "AutoHead": {
      "Settings": false
    },
    "AutoPot": {
      "Settings": false
    },
    "AutoSoup": {
      "Settings": false
    },
    "AutoWeapon": {
      "Settings": false
    },
    "BowAimbot": {
      "Settings": false
    },
    "Chkala": {
      "Settings": false
    },
    "Criticals": {
      "Settings": false
    },
    "HitBox": {
      "Settings": false
    },
    "InfiniteAura": {
      "Settings": false
    },
    "KillAura": {
      "Settings": true
    },
    "NoFriends": {
      "Settings": true
    },
    "SuperKnockback": {
      "Settings": false
    },
    "Velocity": {
      "Settings": false
    }
  },
  "PLAYER": {
    "open": true,
    "visible": true,
    "posX": 382,
    "posY": 265,
    "AntiAFK": {
      "Settings": false
    },
    "AntiAim": {
      "Settings": false
    },
    "AntiCactus": {
      "Settings": false
    },
    "AutoFish": {
      "Settings": false
    },
    "AutoL": {
      "Settings": false
    },
    "AutoRespawn": {
      "Settings": false
    },
    "AutoTool": {
      "Settings": false
    },
    "Blink": {
      "Settings": false
    },
    "ChestStealer": {
      "Settings": false
    },
    "Eagle": {
      "Settings": false
    },
    "FastUse": {
      "Settings": false
    },
    "Gapple": {
      "Settings": false
    },
    "InvManager": {
      "Settings": false
    },
    "KeepArmor": {
      "Settings": false
    },
    "NoFall": {
      "Settings": false
    },
    "PlayerEdit": {
      "Settings": false
    },
    "PotionSaver": {
      "Settings": false
    },
    "Reach": {
      "Settings": false
    },
    "Regen": {
      "Settings": false
    }
  },
  "MOVEMENT": {
    "open": true,
    "visible": true,
    "posX": 249,
    "posY": 0,
    "AirJump": {
      "Settings": false
    },
    "AntiFall": {
      "Settings": false
    },
    "AutoWalk": {
      "Settings": false
    },
    "BlockWalk": {
      "Settings": false
    },
    "BugUp": {
      "Settings": false
    },
    "FastClimb": {
      "Settings": false
    },
    "FastStairs": {
      "Settings": false
    },
    "Fly": {
      "Settings": false
    },
    "Freeze": {
      "Settings": false
    },
    "HighJump": {
      "Settings": false
    },
    "IceSpeed": {
      "Settings": false
    },
    "InventoryMove": {
      "Settings": false
    },
    "LiquidWalk": {
      "Settings": false
    },
    "LongJump": {
      "Settings": false
    },
    "NoClip": {
      "Settings": false
    },
    "NoDead": {
      "Settings": false
    },
    "NoJumpDelay": {
      "Settings": false
    },
    "NoSlow": {
      "Settings": false
    },
    "NoWeb": {
      "Settings": false
    },
    "Parkour": {
      "Settings": false
    },
    "SafeWalk": {
      "Settings": false
    },
    "SlimeJump": {
      "Settings": false
    },
    "Sneak": {
      "Settings": false
    },
    "Speed": {
      "Settings": false
    },
    "Sprint": {
      "Settings": false
    },
    "Stairs": {
      "Settings": false
    },
    "Step": {
      "Settings": false
    },
    "Strafe": {
      "Settings": false
    },
    "TargetStrafe": {
      "Settings": false
    },
    "WallClimb": {
      "Settings": false
    },
    "WaterSpeed": {
      "Settings": false
    }
  },
  "RENDER": {
    "open": true,
    "visible": true,
    "posX": 944,
    "posY": 45,
    "Animations": {
      "Settings": true
    },
    "AntiBlind": {
      "Settings": false
    },
    "Arrows": {
      "Settings": false
    },
    "AttackEffects": {
      "Settings": false
    },
    "BlockESP": {
      "Settings": false
    },
    "BlockOverlay": {
      "Settings": false
    },
    "Breadcrumbs": {
      "Settings": false
    },
    "CameraClip": {
      "Settings": false
    },
    "CapeManager": {
      "Settings": false
    },
    "Chams": {
      "Settings": false
    },
    "ChestESP": {
      "Settings": false
    },
    "ClickGUI": {
      "Settings": false
    },
    "ColorMixer": {
      "Settings": false
    },
    "Dab": {
      "Settings": false
    },
    "DamageParticle": {
      "Settings": false
    },
    "ESP": {
      "Settings": false
    },
    "EnchantEffect": {
      "Settings": true
    },
    "FPSHurtCam": {
      "Settings": false
    },
    "FreeCam": {
      "Settings": false
    },
    "Fullbright": {
      "Settings": false
    },
    "HUD": {
      "Settings": false
    },
    "ItemESP": {
      "Settings": false
    },
    "ItemPhysics": {
      "Settings": false
    },
    "KickWarn": {
      "Settings": false
    },
    "NameTag": {
      "Settings": false
    },
    "NewXray": {
      "Settings": false
    },
    "NoHurtCam": {
      "Settings": false
    },
    "NoRender": {
      "Settings": false
    },
    "NoScoreboard": {
      "Settings": false
    },
    "NoSwing": {
      "Settings": false
    },
    "PacketGraph": {
      "Settings": false
    },
    "Particles": {
      "Settings": false
    },
    "PlayerList": {
      "Settings": false
    },
    "Projectiles": {
      "Settings": false
    },
    "ProphuntESP": {
      "Settings": false
    },
    "Radar": {
      "Settings": false
    },
    "Rotations": {
      "Settings": false
    },
    "SessionInfo": {
      "Settings": false
    },
    "StorageESP": {
      "Settings": false
    },
    "SwingAnimation": {
      "Settings": false
    },
    "TNTESP": {
      "Settings": false
    },
    "TargetHUD": {
      "Settings": false
    },
    "Tracers": {
      "Settings": false
    },
    "TrueSight": {
      "Settings": false
    },
    "Wings": {
      "Settings": true
    },
    "XRay": {
      "Settings": false
    }
  },
  "MISC": {
    "open": true,
    "visible": true,
    "posX": 470,
    "posY": 132,
    "Ambience": {
      "Settings": false
    },
    "AntiStaff": {
      "Settings": false
    },
    "AtAllProvider": {
      "Settings": false
    },
    "AutoADPlus": {
      "Settings": false
    },
    "AutoGG": {
      "Settings": false
    },
    "AutoKit": {
      "Settings": false
    },
    "AutoLogin": {
      "Settings": false
    },
    "AutoPit": {
      "Settings": false
    },
    "ComponentOnHover": {
      "Settings": false
    },
    "HYTGetName": {
      "Settings": false
    },
    "MidClick": {
      "Settings": false
    },
    "NameProtect": {
      "Settings": false
    },
    "NoBob": {
      "Settings": false
    },
    "NoFOV": {
      "Settings": false
    },
    "NoRotateSet": {
      "Settings": true
    },
    "ResourcePackSpoof": {
      "Settings": false
    },
    "Spammer": {
      "Settings": false
    },
    "Teams": {
      "Settings": false
    },
    "TitlePlus": {
      "Settings": false
    }
  },
  "EXPLOIT": {
    "open": true,
    "visible": true,
    "posX": 100,
    "posY": 125,
    "AbortBreaking": {
      "Settings": false
    },
    "Damage": {
      "Settings": false
    },
    "Disabler": {
      "Settings": false
    },
    "GhostHand": {
      "Settings": false
    },
    "Kick": {
      "Settings": false
    },
    "MoreCarry": {
      "Settings": false
    },
    "MultiActions": {
      "Settings": false
    },
    "NoPitchLimit": {
      "Settings": false
    },
    "PacketFixer": {
      "Settings": false
    },
    "Phase": {
      "Settings": false
    },
    "PingSpoof": {
      "Settings": false
    },
    "Plugins": {
      "Settings": false
    },
    "PortalMenu": {
      "Settings": false
    },
    "ServerCrasher": {
      "Settings": false
    },
    "Teleport": {
      "Settings": false
    },
    "VehicleOneHit": {
      "Settings": false
    }
  },
  "Targets": {
    "open": true,
    "visible": true,
    "posX": 42,
    "posY": 170
  },
  "WORLD": {
    "open": true,
    "visible": true,
    "posX": 1578,
    "posY": 212,
    "AutoBreak": {
      "Settings": false
    },
    "BotKiller": {
      "Settings": false
    },
    "ChestAura": {
      "Settings": false
    },
    "CivBreak": {
      "Settings": false
    },
    "FastPlace": {
      "Settings": false
    },
    "Fucker": {
      "Settings": false
    },
    "Liquids": {
      "Settings": false
    },
    "NoSlowBreak": {
      "Settings": false
    },
    "Nuker": {
      "Settings": false
    },
    "Scaffold": {
      "Settings": true
    },
    "SpeedMine": {
      "Settings": false
    },
    "Timer": {
      "Settings": false
    },
    "Tower": {
      "Settings": false
    }
  }
}
