[
  {
    "Type": "KeyBinds",
    "X": 5.0,
    "Y": 103.0,
    "Scale": 1.0,
    "HorizontalFacing": "Left",
    "VerticalFacing": "Up",
    "Font-Offset": 0.0,
    "Reverse": false,
    "Font": {
      "fontName": "MiSans",
      "fontSize": 35
    },
    "Shadow": false,
    "Line": true,
    "Red": 255,
    "Green": 255,
    "Blue": 255,
    "Alpha": 255,
    "Background-Red": 255,
    "Background-Green": 255,
    "Background-Blue": 255,
    "Background-Alpha": 120
  },
  {
    "Type": "GameInfo",
    "X": 4.0,
    "Y": 26.0,
    "Scale": 1.0,
    "HorizontalFacing": "Left",
    "VerticalFacing": "Up",
    "Font-Offset": 0.0,
    "Reverse": false,
    "Font": {
      "fontName": "MiSans",
      "fontSize": 35
    },
    "Shadow": false,
    "Line": true,
    "Red": 255,
    "Green": 255,
    "Blue": 255,
    "Alpha": 127,
    "Background-Red": 255,
    "Background-Green": 255,
    "Background-Blue": 255,
    "Background-Alpha": 120
  },
  {
    "Type": "Scoreboard",
    "X": 8.0,
    "Y": 0.0,
    "Scale": 1.0,
    "HorizontalFacing": "Right",
    "VerticalFacing": "Middle",
    "Text-R": 255,
    "Text-G": 255,
    "Text-B": 255,
    "Background-R": 0,
    "Background-G": 0,
    "Background-B": 0,
    "Background-Alpha": 34,
    "Rect": false,
    "Rect-Color": "Custom",
    "Rect-R": 0,
    "Rect-G": 111,
    "Rect-B": 255,
    "Rect-Alpha": 255,
    "Shadow": false,
    "Font": {
      "fontName": "MiSans",
      "fontSize": 35
    }
  },
  {
    "Type": "Text",
    "X": 17.0,
    "Y": 9.548384666442871,
    "Scale": 1.4999995,
    "HorizontalFacing": "Left",
    "VerticalFacing": "Up",
    "DisplayText": "uxian",
    "Red": 255,
    "Green": 255,
    "Blue": 255,
    "Rainbow": false,
    "Rainbow-X": -1000.0,
    "Rainbow-Y": -1000.0,
    "Shadow": true,
    "Outline": false,
    "Rect": false,
    "OneTapRect": false,
    "SkeetRect": false,
    "OnlyWhtie": false,
    "Font": {
      "fontName": "comfortaa",
      "fontSize": 40
    }
  },
  {
    "Type": "Notifications",
    "X": 46.0,
    "Y": 41.0,
    "Scale": 1.0,
    "HorizontalFacing": "Right",
    "VerticalFacing": "Down"
  },
  {
    "Type": "RiseTarget",
    "X": 476.43475341796875,
    "Y": 312.565185546875,
    "Scale": 1.1499999,
    "HorizontalFacing": "Left",
    "VerticalFacing": "Up",
    "Rise-Count": 9,
    "Rise-Size": 1.0,
    "Rise-Alpha": 0.7,
    "Rise-Distance": 1.0,
    "Rise-MoveTime": 20,
    "Rise-FadeTime": 20
  },
  {
    "Type": "KeyStrokes",
    "X": 133.2254638671875,
    "Y": 58.77718734741211,
    "Scale": 1.4499998,
    "HorizontalFacing": "Left",
    "VerticalFacing": "Up",
    "BackGroundRed": 0,
    "BackGroundGreen": 0,
    "BackGroundBlue": 0,
    "BackGroundAlpha": 111,
    "TextRed": 255,
    "TextGreen": 255,
    "TextBlue": 255,
    "TextAlpha": 255,
    "HighLightPercent": 0.5,
    "AnimationSpeed": 300,
    "Outline": false,
    "OutlineBold": 1,
    "OutLineRainbow": true,
    "Font": {
      "fontName": "comfortaa",
      "fontSize": 35
    }
  },
  {
    "Type": "Text",
    "X": 4.03076958656311,
    "Y": 4.08333158493042,
    "Scale": 2.4999986,
    "HorizontalFacing": "Left",
    "VerticalFacing": "Up",
    "DisplayText": "Y",
    "Red": 227,
    "Green": 255,
    "Blue": 0,
    "Rainbow": true,
    "Rainbow-X": -1756.0975,
    "Rainbow-Y": -2000.0,
    "Shadow": false,
    "Outline": false,
    "Rect": false,
    "OneTapRect": false,
    "SkeetRect": false,
    "OnlyWhtie": false,
    "Font": {
      "fontName": "comfortaa",
      "fontSize": 40
    }
  },
  {
    "Type": "Armor",
    "X": -8.0,
    "Y": 57.0,
    "Scale": 1.0,
    "HorizontalFacing": "Middle",
    "VerticalFacing": "Down",
    "Alignment": "Horizontal"
  },
  {
    "Type": "Arraylist",
    "X": 269.2070617675781,
    "Y": 1.515115737915039,
    "Scale": 1.5999994,
    "HorizontalFacing": "Right",
    "VerticalFacing": "Up",
    "BRainbowSpeed": 90,
    "BRainbow-Saturation": 1.0,
    "BRainbow-Brightness": 1.0,
    "BRainbow-R": 0,
    "BRainbow-B": 50,
    "BRainbow-G": 50,
    "Rainbow-X": -1000.0,
    "Rainbow-Y": -1000.0,
    "Text-Color": "Custom",
    "Text-R": 255,
    "Text-G": 197,
    "Text-B": 255,
    "TwoRainbow": 1.0,
    "Rect-Color": "Custom",
    "Rect-R": 255,
    "Rect-G": 197,
    "Rect-B": 255,
    "Rect-Alpha": 255,
    "Random-Saturation": 0.9,
    "Random-Brightness": 1.0,
    "Tags": true,
    "ShadowText": true,
    "Background-Color": "Custom",
    "Background-R": 0,
    "Background-G": 0,
    "Background-B": 0,
    "Background-Alpha": 19,
    "BackGroundWidth": 2,
    "Rect": "Outline",
    "UpperCase": true,
    "Space": 0.0,
    "TextHeight": 11.0,
    "TextY": 1.0,
    "TagsArrayColor": true,
    "NameBreak": true,
    "Font": {
      "fontName": "MiSans",
      "fontSize": 20
    }
  }
]
